ping,pong,payload,run,domain,p50,p99,p999,max,status
zerodds,zerodds,0,1,101,38.333,104.834,134.375,243.917,ok
zerodds,zerodds,0,2,102,38.375,99.125,184.125,343.375,ok
zerodds,zerodds,0,3,103,38.667,99.458,126.208,185.708,ok
zerodds,cyclone,0,1,104,38.208,102.25,126.708,203.75,ok
zerodds,cyclone,0,2,105,36.75,95.292,115.25,151.667,ok
zerodds,cyclone,0,3,106,36.625,94.084,108.417,151.917,ok
zerodds,fastdds,0,1,107,196.583,230.375,322.875,1460.42,ok
zerodds,fastdds,0,2,108,195.75,238.959,285.458,2939.62,ok
zerodds,fastdds,0,3,109,0,,,,timeout
zerodds,rti,0,1,110,45.708,152.875,197.458,234.917,ok
zerodds,rti,0,2,111,38.083,101.458,131.25,140.958,ok
zerodds,rti,0,3,112,45.75,163.166,183.166,261.625,ok
cyclone,zerodds,0,1,113,35.416,92.542,119.708,137.625,ok
cyclone,zerodds,0,2,114,36.083,107.166,127.958,132.375,ok
cyclone,zerodds,0,3,115,35.834,94.625,117.542,176.334,ok
cyclone,cyclone,0,1,116,33.875,97,119.5,138,ok
cyclone,cyclone,0,2,117,33.833,96.416,116.458,153.416,ok
cyclone,cyclone,0,3,118,32.792,96.209,117.167,156.25,ok
cyclone,fastdds,0,1,119,181.542,226.875,253.833,264.5,ok
cyclone,fastdds,0,2,120,181.959,231.625,257.083,286.375,ok
cyclone,fastdds,0,3,121,181.667,234.875,269.041,501.875,ok
cyclone,rti,0,1,122,34.75,97.75,115.375,135.667,ok
cyclone,rti,0,2,123,35.583,100.375,115.583,131.708,ok
cyclone,rti,0,3,124,34.459,99.208,118.75,140.416,ok
fastdds,zerodds,0,1,125,79.834,126.75,221.417,1121.12,ok
fastdds,zerodds,0,2,126,79.875,156.375,178.166,342.834,ok
fastdds,zerodds,0,3,127,79.541,155.584,218.167,294.333,ok
fastdds,cyclone,0,1,128,79.625,171.833,211.25,274.667,ok
fastdds,cyclone,0,2,129,78.417,173.416,240.042,294.625,ok
fastdds,cyclone,0,3,130,79.25,170.666,194,443.583,ok
fastdds,fastdds,0,1,131,6311.12,12619.6,12699.9,12882.4,ok
fastdds,fastdds,0,2,132,6330.08,12678.3,12822.6,13494.7,ok
fastdds,fastdds,0,3,133,8075.12,84947.9,78772.3,78404.6,ok
fastdds,rti,0,1,134,105.25,171.833,407.125,485.167,ok
fastdds,rti,0,2,135,104.791,165.208,404.208,558.709,ok
fastdds,rti,0,3,136,104.459,154.917,520.584,919.375,ok
rti,zerodds,0,1,137,0,,,,timeout
rti,zerodds,0,2,138,0,,,,timeout
rti,zerodds,0,3,139,0,,,,timeout
rti,cyclone,0,1,140,0,,,,timeout
rti,cyclone,0,2,141,0,,,,timeout
rti,cyclone,0,3,142,0,,,,timeout
rti,fastdds,0,1,143,0,,,,timeout
rti,fastdds,0,2,144,0,,,,timeout
rti,fastdds,0,3,145,0,,,,timeout
rti,rti,0,1,146,0,,,,timeout
rti,rti,0,2,147,0,,,,timeout
rti,rti,0,3,148,0,,,,timeout
zerodds,zerodds,1638,1,149,38.5,104.792,220.75,314.5,ok
zerodds,zerodds,1638,2,150,38.334,98.209,138.584,152.917,ok
zerodds,zerodds,1638,3,151,38.459,104.458,179.667,260,ok
zerodds,cyclone,1638,1,152,44.208,111.584,129.875,159.25,ok
zerodds,cyclone,1638,2,153,44.125,111.417,126.125,129,ok
zerodds,cyclone,1638,3,154,45.042,119.916,126.834,137.75,ok
zerodds,fastdds,1638,1,155,223.209,273.666,312.583,369.25,ok
zerodds,fastdds,1638,2,156,225.917,313,347.417,1396.21,ok
zerodds,fastdds,1638,3,157,223.291,313,344.916,514.334,ok
zerodds,rti,1638,1,158,46.792,295.958,358.917,378.958,ok
zerodds,rti,1638,2,159,48.125,509.75,561.875,600.292,ok
zerodds,rti,1638,3,160,53.292,355.875,494.458,575.625,ok
cyclone,zerodds,1638,1,161,41.167,112.75,122.167,140.334,ok
cyclone,zerodds,1638,2,162,41.292,114.416,133.584,158.791,ok
cyclone,zerodds,1638,3,163,40.958,113.208,137.375,153.583,ok
cyclone,cyclone,1638,1,164,34.542,107.875,145.875,175.834,ok
cyclone,cyclone,1638,2,165,34.334,101.916,121,132.334,ok
cyclone,cyclone,1638,3,166,34.291,98.625,132.333,149.958,ok
cyclone,fastdds,1638,1,167,185.958,239.667,267.542,359.875,ok
cyclone,fastdds,1638,2,168,186,239.333,267.292,1356.04,ok
cyclone,fastdds,1638,3,169,185.166,245.292,267.75,314.708,ok
cyclone,rti,1638,1,170,35.5,101.875,142.458,159.709,ok
cyclone,rti,1638,2,171,35.417,90.583,104.709,111.334,ok
cyclone,rti,1638,3,172,34.958,100.708,123.166,136.584,ok
fastdds,zerodds,1638,1,173,102.75,170.959,235.583,328.75,ok
fastdds,zerodds,1638,2,174,97.375,179.333,344.625,560.625,ok
fastdds,zerodds,1638,3,175,105.25,164.375,401.916,1358.08,ok
fastdds,cyclone,1638,1,176,80.958,175.541,203.375,350.792,ok
fastdds,cyclone,1638,2,177,79.417,167.583,199.417,260.917,ok
fastdds,cyclone,1638,3,178,80.417,175.583,208.292,359.708,ok
fastdds,fastdds,1638,1,179,6338.54,12690.3,12752.4,12837.2,ok
fastdds,fastdds,1638,2,180,6348.83,12695.4,12823,13138,ok
fastdds,fastdds,1638,3,181,6328.5,12686.1,12857.6,13267.9,ok
fastdds,rti,1638,1,182,106.333,168.209,459,586.625,ok
fastdds,rti,1638,2,183,107,172.084,474.042,534.292,ok
fastdds,rti,1638,3,184,105.75,157.209,464.542,620.5,ok
rti,zerodds,1638,1,185,0,,,,timeout
rti,zerodds,1638,2,186,0,,,,timeout
rti,zerodds,1638,3,187,0,,,,timeout
rti,cyclone,1638,1,188,0,,,,timeout
rti,cyclone,1638,2,189,0,,,,timeout
rti,cyclone,1638,3,190,0,,,,timeout
rti,fastdds,1638,1,191,0,,,,timeout
rti,fastdds,1638,2,192,0,,,,timeout
rti,fastdds,1638,3,193,0,,,,timeout
rti,rti,1638,1,194,0,,,,timeout
rti,rti,1638,2,195,0,,,,timeout
rti,rti,1638,3,196,0,,,,timeout
zerodds,zerodds,4096,1,197,38.5,104.292,146,207.083,ok
zerodds,zerodds,4096,2,198,40.667,113.083,163.041,341.542,ok
zerodds,zerodds,4096,3,199,38.875,100.792,164.875,188.375,ok
zerodds,cyclone,4096,1,100,58.375,127.125,143.708,153.167,ok
zerodds,cyclone,4096,2,101,59.042,122.792,142.792,162.791,ok
zerodds,cyclone,4096,3,102,59.583,129.291,150.667,201.416,ok
zerodds,fastdds,4096,1,103,261,343.75,442.959,526.5,ok
zerodds,fastdds,4096,2,104,261.708,301.417,369.084,388.333,ok
zerodds,fastdds,4096,3,105,258.875,313.125,361.667,384.416,ok
zerodds,rti,4096,1,106,58,124.125,139.458,152.625,ok
zerodds,rti,4096,2,107,58.667,126.459,152.958,160.167,ok
zerodds,rti,4096,3,108,57.583,118.041,132.458,141.208,ok
cyclone,zerodds,4096,1,109,55.584,119,135.125,141.167,ok
cyclone,zerodds,4096,2,110,55.5,126,156.708,167.625,ok
cyclone,zerodds,4096,3,111,56,117.458,139.375,149.666,ok
cyclone,cyclone,4096,1,112,35.875,101.125,135.75,168.792,ok
cyclone,cyclone,4096,2,113,35,102.667,140.917,146.833,ok
cyclone,cyclone,4096,3,114,35.292,105.667,160.417,178.667,ok
cyclone,fastdds,4096,1,115,189.75,246.791,459.5,1988.83,ok
cyclone,fastdds,4096,2,116,190.875,250.541,271.334,805.167,ok
cyclone,fastdds,4096,3,117,190.792,251.667,266.041,750.083,ok
cyclone,rti,4096,1,118,34.417,96.583,120.084,127.583,ok
cyclone,rti,4096,2,119,34.667,98.833,131.667,213.166,ok
cyclone,rti,4096,3,120,34.709,97.625,124.334,126.791,ok
fastdds,zerodds,4096,1,121,131.667,216.959,279,366.25,ok
fastdds,zerodds,4096,2,122,130.792,199.416,245.75,266.709,ok
fastdds,zerodds,4096,3,123,132.459,215.959,285.458,416.875,ok
fastdds,cyclone,4096,1,124,82.417,176,209.417,399.041,ok
fastdds,cyclone,4096,2,125,81.542,174.916,212.875,387.917,ok
fastdds,cyclone,4096,3,126,83.75,139.167,186.208,436.042,ok
fastdds,fastdds,4096,1,127,6333.71,12692.5,13115,14651.5,ok
fastdds,fastdds,4096,2,128,6334.88,12684,12815.8,14053.8,ok
fastdds,fastdds,4096,3,129,6322.29,12678.2,12815.5,12828.8,ok
fastdds,rti,4096,1,130,110.125,160.334,365.416,560.583,ok
fastdds,rti,4096,2,131,107.584,170.958,586.583,1106.96,ok
fastdds,rti,4096,3,132,108.459,160.334,513.125,686.166,ok
rti,zerodds,4096,1,133,0,,,,timeout
rti,zerodds,4096,2,134,0,,,,timeout
rti,zerodds,4096,3,135,0,,,,timeout
rti,cyclone,4096,1,136,0,,,,timeout
rti,cyclone,4096,2,137,0,,,,timeout
rti,cyclone,4096,3,138,0,,,,timeout
rti,fastdds,4096,1,139,0,,,,timeout
rti,fastdds,4096,2,140,0,,,,timeout
rti,fastdds,4096,3,141,0,,,,timeout
rti,rti,4096,1,142,0,,,,timeout
rti,rti,4096,2,143,0,,,,timeout
rti,rti,4096,3,144,0,,,,timeout
zerodds,zerodds,8192,1,145,40.292,105.083,135.75,151.208,ok
zerodds,zerodds,8192,2,146,40.334,97.458,115.5,184.167,ok
zerodds,zerodds,8192,3,147,40.167,105.375,126.292,160.958,ok
zerodds,cyclone,8192,1,148,75.209,137.542,151.208,159.334,ok
zerodds,cyclone,8192,2,149,75.459,128.958,151.416,219.167,ok
zerodds,cyclone,8192,3,150,75.833,125.5,137.958,143.417,ok
zerodds,fastdds,8192,1,151,311.834,630.292,733.375,2296.25,ok
zerodds,fastdds,8192,2,152,304.875,567.292,618.917,839.083,ok
zerodds,fastdds,8192,3,153,306.333,523.208,546.917,1950.88,ok
zerodds,rti,8192,1,154,75.5,127.667,135.833,145.667,ok
zerodds,rti,8192,2,155,75.917,118.417,146.792,161.709,ok
zerodds,rti,8192,3,156,75.584,116.667,133.333,136.375,ok
cyclone,zerodds,8192,1,157,70.542,131.166,147.375,155.417,ok
cyclone,zerodds,8192,2,158,70.334,129.125,143.833,153.459,ok
cyclone,zerodds,8192,3,159,70.625,134.5,151.416,173.208,ok
cyclone,cyclone,8192,1,160,38.291,114.625,133.5,139.458,ok
cyclone,cyclone,8192,2,161,35.958,103.583,124.541,187.833,ok
cyclone,cyclone,8192,3,162,36.958,113.208,139.833,152.75,ok
cyclone,fastdds,8192,1,163,198.75,260.291,284.792,1659.96,ok
cyclone,fastdds,8192,2,164,198.333,250.375,274.584,314.125,ok
cyclone,fastdds,8192,3,165,198.458,252.375,288.584,455.792,ok
cyclone,rti,8192,1,166,36,92.667,107,169.584,ok
cyclone,rti,8192,2,167,36.125,111.375,127.208,135.083,ok
cyclone,rti,8192,3,168,35.875,109.917,138.334,145.875,ok
fastdds,zerodds,8192,1,169,197.584,357.625,431.584,1032.08,ok
fastdds,zerodds,8192,2,170,208.667,297.5,411.208,436.667,ok
fastdds,zerodds,8192,3,171,207.25,651.375,673.958,686.583,ok
fastdds,cyclone,8192,1,172,88.625,171.709,200.209,451.458,ok
fastdds,cyclone,8192,2,173,87.167,171.042,239.25,470.375,ok
fastdds,cyclone,8192,3,174,85.625,173.625,196.25,250.625,ok
fastdds,fastdds,8192,1,175,6328.42,12685.9,12738.5,13521.2,ok
fastdds,fastdds,8192,2,176,6328.71,12688,12898,14308.3,ok
fastdds,fastdds,8192,3,177,6345.38,12683,13198.9,14561.8,ok
fastdds,rti,8192,1,178,111.625,165.625,348.25,573.334,ok
fastdds,rti,8192,2,179,110.125,176.042,490.458,651.708,ok
fastdds,rti,8192,3,180,112.041,167.292,409.542,554.708,ok
rti,zerodds,8192,1,181,0,,,,timeout
rti,zerodds,8192,2,182,0,,,,timeout
rti,zerodds,8192,3,183,0,,,,timeout
rti,cyclone,8192,1,184,0,,,,timeout
rti,cyclone,8192,2,185,0,,,,timeout
rti,cyclone,8192,3,186,0,,,,timeout
rti,fastdds,8192,1,187,0,,,,timeout
rti,fastdds,8192,2,188,0,,,,timeout
rti,fastdds,8192,3,189,0,,,,timeout
rti,rti,8192,1,190,0,,,,timeout
rti,rti,8192,2,191,0,,,,timeout
rti,rti,8192,3,192,0,,,,timeout
