vendor,payload,run,p50,p99,p999,max
zerodds,0,1,37.917,104.833,207.625,396.333
zerodds,0,2,38.125,102.834,190.833,384.291
zerodds,0,3,39.625,93.333,138.375,199.542
zerodds,0,4,38.209,101.417,221.584,451.041
zerodds,0,5,37.917,104.125,175.208,543.417
zerodds,0,6,38.292,97.209,149.25,211
zerodds,0,7,38.208,98.708,238.709,390.542
zerodds,0,8,37.875,99.083,144.708,205.708
zerodds,0,9,37.667,95.875,136.75,216.25
zerodds,0,10,40.917,118.75,240.875,435.25
zerodds,0,11,37.792,94.791,161.084,197.375
zerodds,0,12,37.75,98.75,189.875,433.459
zerodds,0,13,37.667,150.542,196.917,267.542
zerodds,0,14,38,98.75,140.959,263.958
zerodds,0,15,38,100.542,122.667,141.791
zerodds,4096,1,40.5,98.834,115,136.417
zerodds,4096,2,40.792,104.166,155.542,266.25
zerodds,4096,3,38.625,102.916,129.208,212.209
zerodds,4096,4,38.708,100.25,145.834,224.083
zerodds,4096,5,39.167,105.667,153.542,163.583
zerodds,4096,6,37.583,178.583,191.875,245.584
zerodds,4096,7,38.709,99.625,122.625,289.458
zerodds,4096,8,39,99.917,149.375,164.75
zerodds,4096,9,37.917,101.917,124.958,209.833
zerodds,4096,10,40.958,104.583,146,200.75
zerodds,4096,11,39.042,99.417,155.75,252.792
zerodds,4096,12,38.375,104.958,144,161.209
zerodds,4096,13,40.417,108.709,131.042,156.208
zerodds,4096,14,39.208,101.917,143.458,266.792
zerodds,4096,15,38.125,104.291,131.708,144
zerodds,8192,1,40.209,105.083,123.791,245.583
zerodds,8192,2,39.833,103.167,164.417,190.208
zerodds,8192,3,39.583,106.542,168.083,179.583
zerodds,8192,4,40.084,100.083,125.709,262.333
zerodds,8192,5,40.166,105.416,174.875,241.625
zerodds,8192,6,40.625,102,126.917,278.5
zerodds,8192,7,40.708,104.084,124.666,155.667
zerodds,8192,8,40.541,99,119.708,220.958
zerodds,8192,9,40.416,100.208,115.666,223.875
zerodds,8192,10,41.625,104.458,144.791,212.709
zerodds,8192,11,39.959,99.25,121.084,210.833
zerodds,8192,12,40.084,103.791,120.708,273.167
zerodds,8192,13,39.083,103.208,142.208,277.25
zerodds,8192,14,40.333,117.667,154.333,234.417
zerodds,8192,15,39.833,146,212.708,222.042
cyclone,0,1,33.292,97.625,116.417,127.375
cyclone,0,2,33.542,94.917,99.583,109.042
cyclone,0,3,32.834,95.042,111.375,138.416
cyclone,0,4,33.041,95.125,110.708,133.708
cyclone,0,5,33.375,96.042,111.75,116
cyclone,0,6,32.916,95.334,114.542,137.875
cyclone,0,7,32.917,96.041,101.583,114.792
cyclone,0,8,33.333,98.167,118.209,151.334
cyclone,0,9,33.292,97.208,110.75,181.25
cyclone,0,10,33.166,98.417,112.792,122.875
cyclone,0,11,33.25,98.041,113.583,117.292
cyclone,0,12,33.042,97.417,114.917,126.584
cyclone,0,13,33,95.958,112.084,116.084
cyclone,0,14,33.792,96.084,112.208,115.083
cyclone,0,15,33.917,97.083,116.333,149.625
cyclone,4096,1,35.208,101.333,137.584,143.083
cyclone,4096,2,35.25,107.875,139.125,139.625
cyclone,4096,3,34.667,108.833,129.917,167.667
cyclone,4096,4,34.584,111.5,135.041,155.583
cyclone,4096,5,34.459,111.375,151.166,164.292
cyclone,4096,6,34.334,99.25,125.75,137.375
cyclone,4096,7,34.209,99.458,146.542,151
cyclone,4096,8,34.5,94.958,143.125,148.167
cyclone,4096,9,35.042,98.916,140.875,144.958
cyclone,4096,10,34.791,101.917,147.417,173.083
cyclone,4096,11,36.25,100.5,148.167,148.709
cyclone,4096,12,35.084,96,148.042,157.041
cyclone,4096,13,34.792,98.792,114.958,122.209
cyclone,4096,14,35.75,104.833,157.833,208.166
cyclone,4096,15,35.291,108.458,145.042,166.458
cyclone,8192,1,36.5,105.916,137.375,167.5
cyclone,8192,2,36.5,110.25,144.292,157.166
cyclone,8192,3,38.75,112.625,134.459,159.875
cyclone,8192,4,37.625,113.083,138.291,176
cyclone,8192,5,35.959,109.542,136.75,160.25
cyclone,8192,6,37.292,108.75,127.417,148.625
cyclone,8192,7,36.625,97.375,113.792,119.25
cyclone,8192,8,36.75,108.125,122.792,168.833
cyclone,8192,9,36.5,107.709,140.208,177.292
cyclone,8192,10,36.875,115.209,153.375,168.375
cyclone,8192,11,37.041,112.542,131.584,141
cyclone,8192,12,36,91.333,106.875,130.833
cyclone,8192,13,36.708,119.458,139.375,212.875
cyclone,8192,14,35.958,109.75,151.209,176.167
cyclone,8192,15,36.667,109.291,123.958,142.75
fastdds,0,1,6324.04,12713.1,13544.2,14366.5
fastdds,0,2,6353.42,43208.8,858619,911797
fastdds,0,3,6331.5,12701.9,12856.7,13608.6
fastdds,0,4,6324,12684.4,12741.2,14263.6
fastdds,0,5,6328.46,12694.2,12995.2,13990.9
fastdds,0,6,6331.67,12689.2,12860.8,13402.8
fastdds,0,7,6332.96,12682.5,13046.3,13498.2
fastdds,0,8,6324.25,12688.9,12983,13504.9
fastdds,0,9,6328.67,12691.9,12847.9,13098.9
fastdds,0,10,6334.75,12677.8,13157.2,13545
fastdds,0,11,6322.17,12677.4,13000,13951.6
fastdds,0,12,6327.71,12687.8,12746.8,12957
fastdds,0,13,6318.96,12685,12748.5,12804.5
fastdds,0,14,6321.12,12672.8,12826.3,12917.5
fastdds,0,15,6324.58,12678.5,12768.5,12894.8
fastdds,4096,1,6324.21,12680.1,13396.2,15698.1
fastdds,4096,2,6333.08,12693,13416.1,13603.5
fastdds,4096,3,6321.71,12689.4,12766.3,12943.4
fastdds,4096,4,6341.62,12693.7,13175.4,13526.7
fastdds,4096,5,6315.92,12662.5,12765.5,13304.3
fastdds,4096,6,6321.92,12687.7,12931.8,13070.5
fastdds,4096,7,6411.25,12693.8,12860.1,14611.2
fastdds,4096,8,6327.75,12684.5,12870.6,13214.1
fastdds,4096,9,6330.04,12705.3,13172.4,13626.8
fastdds,4096,10,6321.88,12679.6,12942.9,13010.5
fastdds,4096,11,6384.38,12693,13369.2,14768.4
fastdds,4096,12,6333.04,12683.8,12915.8,13293.9
fastdds,4096,13,6363.21,12710.3,12893.5,14137.3
fastdds,4096,14,6327.62,12705.1,13054.7,14656.2
fastdds,4096,15,6663.21,950444,1.25246,1.31242
fastdds,8192,1,6436.58,12913.2,16423.4,33232.4
fastdds,8192,2,6322.88,12690.9,12934.7,14063.7
fastdds,8192,3,6380.21,12698.4,12878,13448.5
fastdds,8192,4,6322.67,12672.8,12923.1,14503.8
fastdds,8192,5,6326.67,12681.4,12792.5,14471.2
fastdds,8192,6,6331.62,12690.8,13208.7,13798.8
fastdds,8192,7,6317.25,12674.8,12720.4,12815.9
fastdds,8192,8,6367.46,12682.7,12896.9,15041.8
fastdds,8192,9,6356.38,12686.7,12784.4,14812
fastdds,8192,10,6337.62,12692.5,12769.7,13716.6
fastdds,8192,11,6338.46,12689.5,12842.4,13706.9
fastdds,8192,12,6315.71,12659.7,12732.2,12924.8
fastdds,8192,13,6349.04,12695.7,13019.6,13525.4
fastdds,8192,14,6354.88,12686.8,12837.8,13352.2
fastdds,8192,15,6333.12,12682.1,12804.7,12924.9
rti,0,1,0,,,
rti,0,2,0,,,
rti,0,3,0,,,
rti,0,4,0,,,
rti,0,5,0,,,
rti,0,6,0,,,
rti,0,7,0,,,
rti,0,8,0,,,
rti,0,9,0,,,
rti,0,10,0,,,
rti,0,11,0,,,
rti,0,12,0,,,
rti,0,13,0,,,
rti,0,14,0,,,
rti,0,15,0,,,
rti,4096,1,0,,,
rti,4096,2,0,,,
rti,4096,3,0,,,
rti,4096,4,0,,,
rti,4096,5,0,,,
rti,4096,6,0,,,
rti,4096,7,0,,,
rti,4096,8,0,,,
rti,4096,9,0,,,
rti,4096,10,0,,,
rti,4096,11,0,,,
rti,4096,12,0,,,
rti,4096,13,0,,,
rti,4096,14,0,,,
rti,4096,15,0,,,
rti,8192,1,0,,,
rti,8192,2,0,,,
rti,8192,3,0,,,
rti,8192,4,0,,,
rti,8192,5,0,,,
rti,8192,6,0,,,
rti,8192,7,0,,,
rti,8192,8,0,,,
rti,8192,9,0,,,
rti,8192,10,0,,,
rti,8192,11,0,,,
rti,8192,12,0,,,
rti,8192,13,0,,,
rti,8192,14,0,,,
rti,8192,15,0,,,
