ping_vendor,pong_vendor,payload_bytes,run_idx,n,min_us,p50_us,p90_us,p99_us,p999_us,max_us,status
zerodds,zerodds,0,1,0,,,,,,,timeout
zerodds,zerodds,0,2,0,,,,,,,timeout
zerodds,zerodds,0,3,0,,,,,,,timeout
zerodds,zerodds,0,4,0,,,,,,,timeout
zerodds,zerodds,0,5,0,,,,,,,timeout
zerodds,cyclone,0,1,2000,25.108,28.714,44.845,63.61,118.985,167.647,ok
zerodds,cyclone,0,2,2000,28.384,33.634,49.815,72.698,146.317,788.533,ok
zerodds,cyclone,0,3,2000,27.812,31.259,40.657,67.658,114.236,164.632,ok
zerodds,cyclone,0,4,2000,27.802,31.94,47.821,59.743,74.101,124.586,ok
zerodds,cyclone,0,5,2000,27.552,33.103,42.2,62.278,96.152,168.399,ok
zerodds,fastdds,0,1,2000,31.831,46.738,61.647,89.58,168.809,190.301,ok
zerodds,fastdds,0,2,2000,32.611,43.492,55.646,81.264,214.456,1708.13,ok
zerodds,fastdds,0,3,2000,41.298,56.708,74.03,114.567,229.315,1144.21,ok
zerodds,fastdds,0,4,2000,32.231,42.661,49.924,79.741,130.117,182.816,ok
zerodds,fastdds,0,5,1996,416.359,2252.19,1.20313,1.20313,1.20313,1.20313,ok
zerodds,rti,0,1,2000,36.149,1527.37,2449.15,1.20313,1.20313,1.20313,ok
zerodds,rti,0,2,2000,30.468,32.351,40.356,65.243,170.072,230.767,ok
zerodds,rti,0,3,2000,27.943,34.576,49.083,69.732,85.001,174.66,ok
zerodds,rti,0,4,2000,30.628,49.985,56.988,68.319,183.999,203.466,ok
zerodds,rti,0,5,2000,27.792,38.834,56.327,71.326,167.798,1073.26,ok
zerodds,opendds,0,1,2000,164.15,195.2,224.725,333.502,549.29,602.35,ok
zerodds,opendds,0,2,2000,167.948,188.537,231.839,321.83,587.973,711.959,ok
zerodds,opendds,0,3,2000,165.793,199.508,240.074,409.286,676.151,797.08,ok
zerodds,opendds,0,4,2000,167.066,199.167,221.349,319.014,411.239,2181.12,ok
zerodds,opendds,0,5,2000,157.748,197.895,267.427,395.559,687.662,1347.94,ok
cyclone,zerodds,0,1,2000,20.589,28.284,45.366,59.553,69.341,70.744,ok
cyclone,zerodds,0,2,0,,,,,,,timeout
cyclone,zerodds,0,3,2014,1746.11,4379.66,8390.97,1.23449,1.34698,1.35556,ok
cyclone,zerodds,0,4,0,,,,,,,timeout
cyclone,zerodds,0,5,2000,23.484,28.024,41.699,58.992,110.559,666.893,ok
cyclone,cyclone,0,1,2000,23.915,33.814,46.498,68.199,176.474,203.556,ok
cyclone,cyclone,0,2,2000,23.475,32.06,43.492,67.127,137.611,291.692,ok
cyclone,cyclone,0,3,2000,26.911,31.359,41.468,61.917,177.016,184.659,ok
cyclone,cyclone,0,4,2000,23.234,28.574,44.394,68.039,92.234,104.588,ok
cyclone,cyclone,0,5,2000,26.29,30.658,42.15,63.48,177.998,481.351,ok
cyclone,fastdds,0,1,2000,41.469,52.55,79.781,100.42,122.622,208.655,ok
cyclone,fastdds,0,2,2000,30.298,45.586,63.56,83.047,131.8,157.368,ok
cyclone,fastdds,0,3,2000,29.977,43.953,59.923,90.261,347.017,962.744,ok
cyclone,fastdds,0,4,2000,597.542,3105.32,25597.8,28671.1,29029.2,29068.2,ok
cyclone,fastdds,0,5,2195,174.67,5842.19,27808.7,28915.3,29165.9,29182.3,ok
cyclone,rti,0,1,2160,158.33,14607.8,17159.8,18964.2,20036.9,20065.1,ok
cyclone,rti,0,2,2000,30.468,44.605,58.39,91.363,143.031,269.34,ok
cyclone,rti,0,3,2197,1420.46,18485,23937.3,25274.2,25581.1,25626,ok
cyclone,rti,0,4,2189,715.996,18330.7,22678.4,25306.6,25550.9,25589.1,ok
cyclone,rti,0,5,2096,2068.91,16770,19805.1,22760.8,23535.8,23666.4,ok
cyclone,opendds,0,1,2037,1939.74,10964.6,21343.8,313641,382034,397890,ok
cyclone,opendds,0,2,2094,211.22,21381.8,41038.4,46133.3,48241,48319.7,ok
cyclone,opendds,0,3,2013,2291.11,16912.2,29768.2,269944,366330,376006,ok
cyclone,opendds,0,4,2001,2699.96,21828.3,31727.9,290047,373644,379906,ok
cyclone,opendds,0,5,2147,2606.95,9734,21984.1,190339,347679,364173,ok
fastdds,zerodds,0,1,2000,1559.38,3485.33,8561.73,25415.5,61419.3,70467.2,ok
fastdds,zerodds,0,2,2005,3545.08,6874.84,10669.6,19533.7,20196.6,21328.3,ok
fastdds,zerodds,0,3,2011,3612.81,6953.55,9971.48,13161.7,4525.61,4470.76,ok
fastdds,zerodds,0,4,2007,3676.93,7003.98,18967.9,29279.6,29406.1,29426.5,ok
fastdds,zerodds,0,5,2000,22.703,34.335,46.648,61.848,95.761,116.941,ok
fastdds,cyclone,0,1,2000,29.836,40.236,60.414,87.676,213.244,379.398,ok
fastdds,cyclone,0,2,2000,25.148,37.351,55.335,77.767,162.859,198.986,ok
fastdds,cyclone,0,3,2000,29.436,41.037,55.655,82.246,119.577,179.68,ok
fastdds,cyclone,0,4,2000,29.135,40.316,56.607,81.835,228.232,667.444,ok
fastdds,cyclone,0,5,2000,26.44,41.348,59.833,86.895,189.77,282.395,ok
fastdds,fastdds,0,1,2000,30.407,41.749,64.162,92.966,230.446,1346.17,ok
fastdds,fastdds,0,2,2000,32.492,46.218,61.617,87.245,209.787,905.054,ok
fastdds,fastdds,0,3,2000,33.673,37.922,58.28,81.895,116.371,244.544,ok
fastdds,fastdds,0,4,2000,34.014,43.012,63.841,96.413,170.092,230.998,ok
fastdds,fastdds,0,5,2000,35.127,54.884,64.953,75.042,127.17,147.52,ok
fastdds,rti,0,1,2000,30.718,42.06,58.931,81.685,103.445,168.81,ok
fastdds,rti,0,2,2000,28.695,37.581,58.16,83.458,129.956,216.881,ok
fastdds,rti,0,3,2000,33.273,42.08,65.383,91.193,228.293,266.424,ok
fastdds,rti,0,4,2000,31.991,44.023,57.66,84.48,199.548,298.325,ok
fastdds,rti,0,5,2000,34.756,45.697,68.209,78.348,131.91,144.264,ok
fastdds,opendds,0,1,2000,177.967,284.429,355.132,526.086,951.682,2454.41,ok
fastdds,opendds,0,2,2000,189.909,279.419,344.252,459.29,596.82,678.885,ok
fastdds,opendds,0,3,2000,184.619,284.178,372.115,512.311,714.974,1478.65,ok
fastdds,opendds,0,4,2000,179.15,276.413,341.798,469.269,706.918,825.463,ok
fastdds,opendds,0,5,2000,187.155,280.601,349.692,467.144,1181.16,1477.19,ok
rti,zerodds,0,1,2000,22.393,48.041,49.885,63.56,172.617,421.188,ok
rti,zerodds,0,2,2000,27.211,48.262,49.974,61.126,72.217,130.206,ok
rti,zerodds,0,3,2000,27.222,30.258,46.258,64.653,79.42,235.756,ok
rti,zerodds,0,4,2000,27.903,48.612,49.904,59.763,73.188,104.669,ok
rti,zerodds,0,5,0,,,,,,,timeout
rti,cyclone,0,1,2000,24.677,35.387,49.945,80.082,182.626,457.326,ok
rti,cyclone,0,2,2000,24.747,36.108,48.733,72.357,229.284,859.738,ok
rti,cyclone,0,3,2000,26.791,36.72,59.092,85.653,128.885,144.664,ok
rti,cyclone,0,4,2000,31.309,33.033,41.209,69.802,118.625,144.363,ok
rti,cyclone,0,5,2000,24.647,34.104,46.568,72.487,181.734,210.639,ok
rti,fastdds,0,1,2000,32.942,41.509,64.202,95.05,211.881,265.382,ok
rti,fastdds,0,2,2000,35.788,38.964,60.514,80.893,123.514,145.716,ok
rti,fastdds,0,3,2000,34.576,43.833,64.041,86.203,122.853,136.238,ok
rti,fastdds,0,4,2000,30.127,43.462,67.007,95.01,162.498,210.418,ok
rti,fastdds,0,5,2000,36.82,46.238,66.295,77.637,89.049,102.143,ok
rti,rti,0,1,2000,21.59,33.483,50.565,72.226,142.851,158.4,ok
rti,rti,0,2,2000,20.84,24.487,43.222,61.066,106.391,175.211,ok
rti,rti,0,3,2000,21.691,47.941,51.378,66.506,105.209,139.314,ok
rti,rti,0,4,2000,21.25,28.724,36.298,49.724,85.222,174.821,ok
rti,rti,0,5,2000,18.836,25.809,39.174,57.73,69.893,76.726,ok
rti,opendds,0,1,0,,,,,,,timeout
rti,opendds,0,2,0,,,,,,,timeout
rti,opendds,0,3,0,,,,,,,timeout
rti,opendds,0,4,0,,,,,,,timeout
rti,opendds,0,5,0,,,,,,,timeout
opendds,zerodds,0,1,2000,140.155,188.838,234.344,364.651,766.18,887.461,ok
opendds,zerodds,0,2,2000,141.809,192.795,241.077,502.321,979.565,1532.91,ok
opendds,zerodds,0,3,0,,,,,,,timeout
opendds,zerodds,0,4,2000,139.825,188.467,237.45,340.595,850.57,1216.72,ok
opendds,zerodds,0,5,2000,140.135,184.7,228.273,601.92,1066.17,2492.75,ok
opendds,cyclone,0,1,2000,164.962,222.301,304.156,358.298,609.144,777.071,ok
opendds,cyclone,0,2,2000,151.827,223.573,273.168,377.855,689.455,1562.4,ok
opendds,cyclone,0,3,2000,165.954,211.47,277.125,350.153,542.196,1158.2,ok
opendds,cyclone,0,4,2000,160.774,213.063,285.571,374.69,500.378,3148.95,ok
opendds,cyclone,0,5,2000,159.522,226.219,271.534,409.325,1189.8,2436.81,ok
opendds,fastdds,0,1,2000,160.924,235.696,294.768,427.379,671.641,1883.91,ok
opendds,fastdds,0,2,2000,181.413,253.149,314.767,427.069,1461.95,2225.23,ok
opendds,fastdds,0,3,2000,165.253,238.341,308.534,439.092,967.462,1637.61,ok
opendds,fastdds,0,4,2000,5716.17,9955.3,12558.2,20507.4,20952.5,20954.5,ok
opendds,fastdds,0,5,2000,157.438,237.389,319.105,486.03,1049.37,2170.28,ok
opendds,rti,0,1,0,,,,,,,timeout
opendds,rti,0,2,0,,,,,,,timeout
opendds,rti,0,3,0,,,,,,,timeout
opendds,rti,0,4,0,,,,,,,timeout
opendds,rti,0,5,0,,,,,,,timeout
opendds,opendds,0,1,2000,288.026,353.289,431.437,567.054,736.645,845.04,ok
opendds,opendds,0,2,2000,288.356,358.639,432.65,618.732,879.605,1071.97,ok
opendds,opendds,0,3,2000,287.204,351.355,435.064,587.001,1639.22,2271.54,ok
opendds,opendds,0,4,2000,284.94,352.037,433.23,589.917,801.508,1172.51,ok
opendds,opendds,0,5,2000,286.333,392.423,512.971,712.149,2103.56,17221.9,ok
zerodds,zerodds,819,1,2000,23.765,29.836,41.148,57.859,117.272,179.279,ok
zerodds,zerodds,819,2,2000,24.086,39.765,41.999,53.1,61.807,72.287,ok
zerodds,zerodds,819,3,2000,26.32,39.625,41.809,53.031,69.852,72.757,ok
zerodds,zerodds,819,4,2000,26.33,27.382,33.714,43.002,58.08,143.883,ok
zerodds,zerodds,819,5,2000,26.45,29.145,32.291,51.017,92.745,1832.81,ok
zerodds,cyclone,819,1,2000,28.684,34.044,42.67,68.229,143.061,277.045,ok
zerodds,cyclone,819,2,2000,28.725,30.317,49.153,63.43,144.304,203.485,ok
zerodds,cyclone,819,3,2000,25.599,35.207,50.716,74.381,138.051,408.223,ok
zerodds,cyclone,819,4,2000,25.849,35.156,51.497,69.191,99.658,157.478,ok
zerodds,cyclone,819,5,2000,25.629,30.208,41.459,56.958,156.036,305.328,ok
zerodds,fastdds,819,1,2000,33.684,43.462,56.607,87.205,176.434,200.981,ok
zerodds,fastdds,819,2,2000,29.717,45.786,66.356,84.55,200.439,1127.8,ok
zerodds,fastdds,819,3,2000,32.652,40.787,53.051,84.139,272.305,860.329,ok
zerodds,fastdds,819,4,2000,31.389,47.069,62.829,103.576,191.783,219.666,ok
zerodds,fastdds,819,5,2000,30.888,47.72,58.15,83.318,165.754,357.568,ok
zerodds,rti,819,1,2000,26.22,38.322,48.602,122.832,249.713,304.817,ok
zerodds,rti,819,2,2000,28.604,36.349,57.068,80.292,213.905,855.57,ok
zerodds,rti,819,3,2000,31.239,39.515,47.801,65.223,137.851,156.146,ok
zerodds,rti,819,4,2000,31.5,42.29,58.461,75.904,150.976,206.121,ok
zerodds,rti,819,5,2000,31.059,56.817,59.553,78.599,141.508,203.315,ok
zerodds,opendds,819,1,2000,171.735,197.584,229.534,326.188,508.604,570.109,ok
zerodds,opendds,819,2,2000,162.868,201.512,249.783,366.824,862.513,1720.89,ok
zerodds,opendds,819,3,2000,161.485,198.286,246.306,356.676,588.064,920.293,ok
zerodds,opendds,819,4,2000,163.59,190.581,224.596,369.76,685.779,1646.7,ok
zerodds,opendds,819,5,2000,166.015,197.424,249.492,420.246,867.693,1790.18,ok
cyclone,zerodds,819,1,2000,22.372,29.015,42.902,63.711,129.284,186.964,ok
cyclone,zerodds,819,2,2000,24.716,37.671,43.503,57.97,77.747,80.883,ok
cyclone,zerodds,819,3,2000,23.505,29.826,43.803,63.36,108.756,162.698,ok
cyclone,zerodds,819,4,2000,22.502,30.157,43.633,64.122,113.945,364.901,ok
cyclone,zerodds,819,5,0,,,,,,,timeout
cyclone,cyclone,819,1,2000,23.905,32.061,48.281,73.189,164.832,235.586,ok
cyclone,cyclone,819,2,2000,23.584,31.88,49.353,67.789,122.242,203.816,ok
cyclone,cyclone,819,3,2000,23.495,32.902,49.614,71.686,139.374,181.985,ok
cyclone,cyclone,819,4,2000,26.44,32.712,48.181,65.434,110.559,203.245,ok
cyclone,cyclone,819,5,2000,23.445,30.147,44.475,65.363,131.118,191.081,ok
cyclone,fastdds,819,1,2000,30.007,43.543,57.789,81.274,159.532,215.698,ok
cyclone,fastdds,819,2,2000,32.932,39.595,48.933,71.475,90.582,93.647,ok
cyclone,fastdds,819,3,2000,34.094,47.249,61.927,80.422,100.07,117.583,ok
cyclone,fastdds,819,4,2000,31.099,39.124,62.098,82.416,99.809,108.966,ok
cyclone,fastdds,819,5,2000,32.732,43.803,60.204,92.905,131.099,222.421,ok
cyclone,rti,819,1,2000,31.51,50.756,72.116,102.033,177.186,187.305,ok
cyclone,rti,819,2,2000,29.786,51.918,87.446,146.698,410.698,461.243,ok
cyclone,rti,819,3,2000,29.776,43.542,55.365,92.956,311.731,755.521,ok
cyclone,rti,819,4,2000,28.154,43.773,58.23,84.53,117.692,250.945,ok
cyclone,rti,819,5,2000,32.531,51.698,61.626,87.446,202.724,377.164,ok
cyclone,opendds,819,1,2000,211.33,288.356,341.977,420.697,505.297,585.96,ok
cyclone,opendds,819,2,2000,201.131,296.602,364.33,473.937,738.889,2472.66,ok
cyclone,opendds,819,3,2000,180.562,295.028,360.272,428.071,629.773,1063.79,ok
cyclone,opendds,819,4,2000,219.355,302.342,369.43,470.421,658.507,912.027,ok
cyclone,opendds,819,5,2000,192.194,294.548,343.821,427.439,644.7,701.759,ok
fastdds,zerodds,819,1,2000,24.677,35.918,51.668,76.756,158.531,242.64,ok
fastdds,zerodds,819,2,2000,31.69,36.078,46.418,62.718,84.239,124.205,ok
fastdds,zerodds,819,3,2000,25.499,38.944,51.437,68.93,123.664,1164.39,ok
fastdds,zerodds,819,4,2000,29.265,38.793,50.886,65.835,138.272,147.129,ok
fastdds,zerodds,819,5,0,,,,,,,timeout
fastdds,cyclone,819,1,2000,33.263,45.597,70.394,102.434,176.925,235.626,ok
fastdds,cyclone,819,2,2000,25.929,42.24,60.755,89.189,191.011,309.196,ok
fastdds,cyclone,819,3,2000,28.694,41.629,57.319,83.148,186.624,874.907,ok
fastdds,cyclone,819,4,2000,31.349,38.353,55.344,88.979,131.359,164.752,ok
fastdds,cyclone,819,5,2000,31.991,41.77,58.13,83.448,189.228,973.974,ok
fastdds,fastdds,819,1,2000,33.734,42.421,66.867,96.613,143.121,2144.81,ok
fastdds,fastdds,819,2,2000,38.002,44.574,57.198,81.114,160.423,887.19,ok
fastdds,fastdds,819,3,2000,33.995,47.069,58.441,85.932,130.958,193.927,ok
fastdds,fastdds,819,4,2000,33.293,42.41,63.76,104.738,155.324,195.69,ok
fastdds,fastdds,819,5,2000,34.495,40.176,51.006,74.31,132.801,186.924,ok
fastdds,rti,819,1,2000,32.252,44.765,61.857,86.805,210.078,609.144,ok
fastdds,rti,819,2,2000,31.119,42.28,63.811,84.56,125.016,196.072,ok
fastdds,rti,819,3,2000,36.82,45.135,69.642,83.888,114.878,193.647,ok
fastdds,rti,819,4,2000,36.619,68.209,75.143,101.241,178.387,254.011,ok
fastdds,rti,819,5,2000,31.269,41.579,56.968,83.147,220.197,469.419,ok
fastdds,opendds,819,1,2000,199.227,281.624,357.146,516.638,725.384,1472.17,ok
fastdds,opendds,819,2,2000,191.162,282.735,360.673,492.953,819.572,1038.47,ok
fastdds,opendds,819,3,2000,192.494,286.343,354.922,557.606,852.344,902.449,ok
fastdds,opendds,819,4,2000,193.736,282.525,348.29,522.8,890.666,1176.61,ok
fastdds,opendds,819,5,2000,196.251,281.904,336.297,424.965,603.493,650.472,ok
rti,zerodds,819,1,2000,23.274,42.55,51.077,64.552,75.313,86.183,ok
rti,zerodds,819,2,2000,23.384,31.68,49.514,68.54,113.114,259.552,ok
rti,zerodds,819,3,2000,23.174,34.195,52.389,79.03,188.387,276.704,ok
rti,zerodds,819,4,2000,28.323,31.509,43.963,64.191,95.31,203.094,ok
rti,zerodds,819,5,0,,,,,,,timeout
rti,cyclone,819,1,2000,26.561,38.373,54.082,84.22,180.081,230.507,ok
rti,cyclone,819,2,2000,25.939,36.98,58.39,85.001,162.668,176.525,ok
rti,cyclone,819,3,2000,27.071,33.684,51.667,73.459,88.758,187.064,ok
rti,cyclone,819,4,2000,25.348,33.684,54.754,77.216,134.585,262.327,ok
rti,cyclone,819,5,2000,28.685,40.768,61.547,94.65,224.465,1150.68,ok
rti,fastdds,819,1,2000,35.738,45.857,68.019,97.093,269.54,1773.18,ok
rti,fastdds,819,2,2000,34.025,39.224,65.153,88.938,155.705,1170.46,ok
rti,fastdds,819,3,2000,32.211,47.109,62.007,90.802,195.51,289.378,ok
rti,fastdds,819,4,2000,34.586,50.676,60.926,102.244,168.82,383.386,ok
rti,fastdds,819,5,2000,31.139,44.284,65.384,92.115,207.001,623.981,ok
rti,rti,819,1,2000,22.172,42.1,59.232,70.714,125.197,194.178,ok
rti,rti,819,2,2000,21.671,28.174,48.863,59.592,71.074,87.536,ok
rti,rti,819,3,2000,22.132,40.347,53.341,65.464,77.687,135.135,ok
rti,rti,819,4,2000,21.571,25.358,39.204,60.775,92.125,410.929,ok
rti,rti,819,5,2000,21.671,28.705,47.761,70.092,93.116,123.985,ok
rti,opendds,819,1,0,,,,,,,timeout
rti,opendds,819,2,0,,,,,,,timeout
rti,opendds,819,3,0,,,,,,,timeout
rti,opendds,819,4,0,,,,,,,timeout
rti,opendds,819,5,0,,,,,,,timeout
opendds,zerodds,819,1,2000,188.827,219.516,293.646,437.849,1658.15,15556,ok
opendds,zerodds,819,2,2000,140.355,189.348,242.44,441.716,726.706,1813.36,ok
opendds,zerodds,819,3,0,,,,,,,timeout
opendds,zerodds,819,4,2000,159.492,207.283,237.57,438.03,666.072,7837.86,ok
opendds,zerodds,819,5,2000,151.046,194.137,240.585,327.17,855.41,1387.08,ok
opendds,cyclone,819,1,2000,165.964,229.615,301.601,409.054,735.272,1418.44,ok
opendds,cyclone,819,2,2000,169.571,235.286,294.458,454.37,851.633,1223.64,ok
opendds,cyclone,819,3,2000,152.368,240.365,303.104,369.33,717.949,950.289,ok
opendds,cyclone,819,4,2000,149.153,226.85,298.104,386.912,605.236,1905.15,ok
opendds,cyclone,819,5,2000,150.736,236.137,282.586,454.531,598.073,1265.6,ok
opendds,fastdds,819,1,2000,169.601,246.107,329.634,525.545,1202.91,1635.78,ok
opendds,fastdds,819,2,2000,173.709,248.931,319.155,441.386,727.327,1070.46,ok
opendds,fastdds,819,3,2000,155.424,244.834,308.514,404.837,593.644,1216.39,ok
opendds,fastdds,819,4,2000,169.772,238.11,311.379,667.514,1092.43,1399.21,ok
opendds,fastdds,819,5,2000,171.304,241.167,310.699,424.785,1218.84,1994.13,ok
opendds,rti,819,1,0,,,,,,,timeout
opendds,rti,819,2,0,,,,,,,timeout
opendds,rti,819,3,0,,,,,,,timeout
opendds,rti,819,4,0,,,,,,,timeout
opendds,rti,819,5,0,,,,,,,timeout
opendds,opendds,819,1,2000,282.695,357.657,479.427,616.518,783.383,2421.7,ok
opendds,opendds,819,2,2000,278.508,369.93,515.015,630.704,1610.82,2090.63,ok
opendds,opendds,819,3,2000,279.66,360.733,439.713,594.406,848.557,1056.97,ok
opendds,opendds,819,4,2000,279.66,353.73,468.217,649.75,1198.01,1776.4,ok
opendds,opendds,819,5,2000,281.162,361.154,433.51,599.485,740.583,1212.2,ok
zerodds,zerodds,1638,1,2000,28.123,30.778,43.262,52.399,59.874,89.119,ok
zerodds,zerodds,1638,2,2000,28.203,31.329,43.412,59.793,85.783,134.014,ok
zerodds,zerodds,1638,3,2000,28.564,35.708,45.997,73.218,133.684,199.528,ok
zerodds,zerodds,1638,4,2000,25.789,42.691,49.934,82.015,149.002,396.221,ok
zerodds,zerodds,1638,5,2000,28.243,32.081,43.913,64.722,106.311,143.462,ok
zerodds,cyclone,1638,1,2000,32.903,40.928,60.394,87.997,176.645,290.711,ok
zerodds,cyclone,1638,2,2000,30.257,42.25,60.324,109.087,201.131,220.497,ok
zerodds,cyclone,1638,3,2000,29.426,45.617,62.548,85.332,161.816,175.522,ok
zerodds,cyclone,1638,4,2000,32.692,41.739,60.564,70.313,106.581,613.131,ok
zerodds,cyclone,1638,5,2000,29.255,39.735,55.916,74.711,98.928,118.384,ok
zerodds,fastdds,1638,1,2000,38.273,45.176,65.163,99.178,290.34,884.545,ok
zerodds,fastdds,1638,2,2000,34.856,43.983,58.251,89.84,214.345,2162.29,ok
zerodds,fastdds,1638,3,2000,33.954,45.336,61.396,75.453,96.002,137.841,ok
zerodds,fastdds,1638,4,2000,36.138,51.477,64.652,87.045,130.517,730.002,ok
zerodds,fastdds,1638,5,2000,36.97,51.768,71.986,96.953,135.166,154.272,ok
zerodds,rti,1638,1,2000,32.782,46.017,63.55,84.319,252.939,1243.81,ok
zerodds,rti,1638,2,2000,26.57,42.33,62.589,86.524,180.471,568.195,ok
zerodds,rti,1638,3,2000,32.361,45.887,65.705,92.155,175.602,321.138,ok
zerodds,rti,1638,4,2000,32.522,42.631,69.081,92.304,193.396,305.088,ok
zerodds,rti,1638,5,2000,34.866,47.2,65.474,82.967,183.438,357.237,ok
zerodds,opendds,1638,1,2000,210.238,247.869,326.919,567.916,1351.55,1715.93,ok
zerodds,opendds,1638,2,2000,209.888,242.51,325.265,477.645,1291.91,1558.91,ok
zerodds,opendds,1638,3,2000,206.08,240.816,276.033,414.474,1343.06,1735.12,ok
zerodds,opendds,1638,4,2000,203.555,232.36,288.607,488.495,1551.84,2427.83,ok
zerodds,opendds,1638,5,2000,209.907,244.553,281.994,403.545,1266.1,1549.64,ok
cyclone,zerodds,1638,1,2000,29.566,33.654,39.404,53.491,94.84,156.386,ok
cyclone,zerodds,1638,2,2000,24.837,35.487,51.878,72.648,172.617,188.187,ok
cyclone,zerodds,1638,3,2000,29.135,34.234,51.437,75.012,114.186,225.657,ok
cyclone,zerodds,1638,4,2000,29.886,34.927,52.62,65.654,103.536,113.835,ok
cyclone,zerodds,1638,5,2000,26.07,30.317,50.956,62.227,79.029,115.899,ok
cyclone,cyclone,1638,1,2000,29.225,36.549,52.99,81.534,159.833,203.766,ok
cyclone,cyclone,1638,2,2000,26.039,36.019,42.521,63.129,156.446,532.728,ok
cyclone,cyclone,1638,3,2000,29.025,42.43,53.061,70.133,119.717,245.424,ok
cyclone,cyclone,1638,4,2000,24.957,34.385,51.898,75.863,138.923,179.45,ok
cyclone,cyclone,1638,5,2000,24.897,33.463,47.5,67.228,92.084,189.589,ok
cyclone,fastdds,1638,1,2000,33.624,45.135,61.757,82.326,127.792,146.408,ok
cyclone,fastdds,1638,2,2000,33.654,46.178,67.518,96.944,119.265,190.5,ok
cyclone,fastdds,1638,3,2000,32.111,45.627,65.384,84.269,103.386,142.641,ok
cyclone,fastdds,1638,4,2000,34.525,43.453,56.558,76.605,97.916,315.337,ok
cyclone,fastdds,1638,5,2000,32.261,40.256,61.216,78.929,190.881,365.462,ok
cyclone,rti,1638,1,2000,50.816,85.653,101.011,161.606,242.78,482.183,ok
cyclone,rti,1638,2,2000,50.175,87.335,101.462,141.258,218.013,272.586,ok
cyclone,rti,1638,3,2000,50.626,78.759,103.135,149.423,255.985,327.43,ok
cyclone,rti,1638,4,2000,46.508,82.756,108.976,163.84,284.038,345.063,ok
cyclone,rti,1638,5,2000,48.101,81.424,120.848,167.437,290.63,338.982,ok
cyclone,opendds,1638,1,2000,192.975,331.618,411.709,544.671,731.455,812.939,ok
cyclone,opendds,1638,2,2000,189.629,340.565,416.268,523.381,905.675,926.815,ok
cyclone,opendds,1638,3,2000,187.345,326.909,397.623,565.601,1157.29,2620.55,ok
cyclone,opendds,1638,4,2000,202.443,339.453,401.4,489.677,550.462,608.803,ok
cyclone,opendds,1638,5,2000,204.547,336.537,411.569,571.743,819.853,1207.44,ok
fastdds,zerodds,1638,1,2000,29.075,36.649,50.285,69.672,90.581,342.348,ok
fastdds,zerodds,1638,2,2000,28.854,40.016,53.962,82.627,125.597,203.425,ok
fastdds,zerodds,1638,3,2000,30.388,38.483,51.097,77.727,140.637,269.35,ok
fastdds,zerodds,1638,4,2000,31.369,39.414,58.871,86.073,141.648,269.48,ok
fastdds,zerodds,1638,5,2000,32.211,40.808,56.758,76.434,100.581,115.8,ok
fastdds,cyclone,1638,1,2000,26.831,49.995,66.195,107.364,174.541,259.221,ok
fastdds,cyclone,1638,2,2000,29.416,44.053,58.41,96.914,209.968,1058.15,ok
fastdds,cyclone,1638,3,2000,34.135,45.516,57.078,83.839,178.618,249.583,ok
fastdds,cyclone,1638,4,2000,29.325,43.763,57.239,92.415,253.5,409.836,ok
fastdds,cyclone,1638,5,2000,35.707,48.943,66.606,112.382,245.575,284.9,ok
fastdds,fastdds,1638,1,2000,36.339,47.31,68.339,97.104,204.066,539.521,ok
fastdds,fastdds,1638,2,2000,31.52,41.739,63.34,87.216,166.105,824.912,ok
fastdds,fastdds,1638,3,2000,33.393,44.645,68.409,96.062,198.937,1816.89,ok
fastdds,fastdds,1638,4,2000,37.311,39.595,60.875,74.912,104.518,121.72,ok
fastdds,fastdds,1638,5,2000,34.445,47.069,66.746,91.984,198.286,533.22,ok
fastdds,rti,1638,1,2000,33.694,47.66,64.943,90.341,140.385,215.728,ok
fastdds,rti,1638,2,2000,34.966,46.368,70.063,100.791,155.865,160.313,ok
fastdds,rti,1638,3,2000,38.362,51.267,72.007,90.842,199.778,216.129,ok
fastdds,rti,1638,4,2000,33.263,41.779,59.182,83.759,136.939,199.358,ok
fastdds,rti,1638,5,2000,36.519,55.796,72.477,85.612,150.044,242.048,ok
fastdds,opendds,1638,1,2000,195.36,287.324,369.86,604.154,855.009,928.037,ok
fastdds,opendds,1638,2,2000,189.419,290.57,392.403,558.988,737.256,920.202,ok
fastdds,opendds,1638,3,2000,173.518,279.449,337.449,459.23,723.811,849.71,ok
fastdds,opendds,1638,4,2000,190.701,284.419,337.199,459.941,685.148,996.727,ok
fastdds,opendds,1638,5,2000,187.615,291.372,364.33,457.196,597.833,762.594,ok
rti,zerodds,1638,1,2000,27.202,49.083,59.092,82.597,157.588,170.162,ok
rti,zerodds,1638,2,2000,26.89,40.126,60.554,82.807,111.712,194.038,ok
rti,zerodds,1638,3,2000,27.773,53.491,60.404,84.14,134.915,265.242,ok
rti,zerodds,1638,4,2000,33.875,36.248,52.029,68.71,112.393,137.711,ok
rti,zerodds,1638,5,2000,26.761,35.517,44.915,72.246,100.731,174.39,ok
rti,cyclone,1638,1,2000,29.556,42.361,64.152,87.776,213.334,250.544,ok
rti,cyclone,1638,2,2000,30.688,43.252,63.33,95.822,175.422,1683.84,ok
rti,cyclone,1638,3,2000,31.731,41.819,56.597,78.348,128.323,165.373,ok
rti,cyclone,1638,4,2000,30.398,41.188,55.205,89.77,190.12,241.557,ok
rti,cyclone,1638,5,2000,29.255,41.077,59.362,81.113,141.187,370.552,ok
rti,fastdds,1638,1,2000,35.938,48.382,69.783,86.875,152.209,1032.66,ok
rti,fastdds,1638,2,2000,36.399,44.744,69.442,88.497,130.096,145.415,ok
rti,fastdds,1638,3,2000,31.97,41.188,61.587,90.883,142.41,184.69,ok
rti,fastdds,1638,4,2000,36.338,41.498,54.142,78.178,140.486,170.823,ok
rti,fastdds,1638,5,2000,32.502,43.222,66.456,94.329,178.127,231.979,ok
rti,rti,1638,1,2000,22.352,28.705,45.436,61.507,92.806,111.23,ok
rti,rti,1638,2,2000,22.512,30.989,43.572,60.524,79.851,91.965,ok
rti,rti,1638,3,2000,21.912,25.498,48.302,62.799,104.268,153.501,ok
rti,rti,1638,4,2000,23.284,32.442,47.13,69.712,133.653,151.446,ok
rti,rti,1638,5,2000,22.323,33.543,47.35,64.462,113.645,146.557,ok
rti,opendds,1638,1,0,,,,,,,timeout
rti,opendds,1638,2,0,,,,,,,timeout
rti,opendds,1638,3,0,,,,,,,timeout
rti,opendds,1638,4,0,,,,,,,timeout
rti,opendds,1638,5,0,,,,,,,timeout
opendds,zerodds,1638,1,2000,182.205,238.572,300.148,442.217,1359.18,4102.98,ok
opendds,zerodds,1638,2,2000,199.017,235.345,296.892,429.483,1235.69,1428.39,ok
opendds,zerodds,1638,3,2000,185.2,245.004,301.902,400.759,1301.77,1367.47,ok
opendds,zerodds,1638,4,2000,188.547,246.377,307.873,462.456,1378.96,2024.11,ok
opendds,zerodds,1638,5,2000,188.197,246.407,304.456,461.905,1493.33,1728.21,ok
opendds,cyclone,1638,1,2000,180.182,247.098,327.821,416.81,550.323,1262.24,ok
opendds,cyclone,1638,2,2000,173.048,259.101,336.968,452.267,565.281,675.329,ok
opendds,cyclone,1638,3,2000,172.447,248.821,328.262,447.447,778.585,1081.14,ok
opendds,cyclone,1638,4,2000,181.614,245.445,349.552,443.43,817.578,3421.83,ok
opendds,cyclone,1638,5,2000,175.232,245.615,318.032,428.331,681.962,1855.67,ok
opendds,fastdds,1638,1,2000,157.919,245.685,304.446,399.026,992.219,1085.07,ok
opendds,fastdds,1638,2,2000,169.421,248.24,310.318,422.92,933.187,1687.18,ok
opendds,fastdds,1638,3,2000,157.087,244.513,300.219,440.995,1119.38,2347.84,ok
opendds,fastdds,1638,4,2000,172.677,236.308,301.301,370.662,504.565,628.3,ok
opendds,fastdds,1638,5,2000,160.003,250.043,327.6,443.068,928.799,1321.5,ok
opendds,rti,1638,1,0,,,,,,,timeout
opendds,rti,1638,2,0,,,,,,,timeout
opendds,rti,1638,3,0,,,,,,,timeout
opendds,rti,1638,4,0,,,,,,,timeout
opendds,rti,1638,5,0,,,,,,,timeout
opendds,opendds,1638,1,2000,290.67,346.827,431.326,697.16,1086.01,1433.82,ok
opendds,opendds,1638,2,2000,630.705,865.93,1012.27,1169.57,1680.87,1760.23,ok
opendds,opendds,1638,3,2000,285.221,360.212,471.202,716.076,1620.1,2547.7,ok
opendds,opendds,1638,4,2000,293.246,360.182,457.015,719.222,1165.86,1512.56,ok
opendds,opendds,1638,5,2000,294.428,374.249,589.466,742.076,1190.36,16752,ok
zerodds,zerodds,2458,1,2000,25.649,31.65,47.55,70.113,132.13,137.25,ok
zerodds,zerodds,2458,2,2000,27.011,36.169,44.454,83.177,158.81,318.213,ok
zerodds,zerodds,2458,3,2000,25.428,34.606,44.555,61.427,70.193,125.307,ok
zerodds,zerodds,2458,4,2000,25.729,32.662,45.256,67.458,183.187,1283.36,ok
zerodds,zerodds,2458,5,2000,28.263,31.45,44.744,58.641,66.045,69.512,ok
zerodds,cyclone,2458,1,2000,32.722,43.473,61.437,96.593,178.538,400.849,ok
zerodds,cyclone,2458,2,2000,29.445,38.523,61.276,84.91,217.192,325.716,ok
zerodds,cyclone,2458,3,2000,29.787,55.986,62.859,100,281.343,1088,ok
zerodds,cyclone,2458,4,2000,29.737,40.576,58.351,83.218,159.032,231.378,ok
zerodds,cyclone,2458,5,2000,29.516,50.696,64.102,97.134,179.711,238.16,ok
zerodds,fastdds,2458,1,2000,34.155,48.572,65.915,88.758,163.239,215.829,ok
zerodds,fastdds,2458,2,2000,33.945,49.915,64.342,97.435,156.025,310.729,ok
zerodds,fastdds,2458,3,2000,39.175,51.698,63.32,85.152,150.605,233.462,ok
zerodds,fastdds,2458,4,2000,33.964,51.458,67.979,92.585,182.976,200.139,ok
zerodds,fastdds,2458,5,2000,34.606,53.692,79.39,148.811,378.827,1792.74,ok
zerodds,rti,2458,1,2000,36.719,53.662,67.718,82.877,223.824,263.459,ok
zerodds,rti,2458,2,2000,32.712,44.765,63.981,101.823,346.316,740.412,ok
zerodds,rti,2458,3,2000,36.549,62.668,67.468,83.508,150.134,236.026,ok
zerodds,rti,2458,4,2000,36.7,55.916,66.385,113.305,278.387,316.76,ok
zerodds,rti,2458,5,2000,33.904,38.543,63.38,82.937,260.243,554.27,ok
zerodds,opendds,2458,1,2000,202.053,243.922,338.721,478.315,1256.38,1529.57,ok
zerodds,opendds,2458,2,2000,211.741,242.308,265.843,412.611,1203.84,1563.33,ok
zerodds,opendds,2458,3,2000,205.82,238.001,297.453,478.546,1219.9,1575.58,ok
zerodds,opendds,2458,4,2000,204.117,240.405,291.181,527.268,1225.74,1702.68,ok
zerodds,opendds,2458,5,2000,205.71,245.475,275.401,408.333,1179.49,1554.71,ok
cyclone,zerodds,2458,1,2000,25.789,34.275,51.628,76.145,160.403,1232.27,ok
cyclone,zerodds,2458,2,2000,29.907,35.427,53.832,71.626,120.879,153.19,ok
cyclone,zerodds,2458,3,2000,29.536,34.014,43.172,58.561,144.944,374.97,ok
cyclone,zerodds,2458,4,2000,30.147,35.617,54.022,74.451,114.276,2217.05,ok
cyclone,zerodds,2458,5,2000,29.967,35.969,54.543,81.114,150.836,232.27,ok
cyclone,cyclone,2458,1,2000,25.238,34.225,53.311,71.255,100.57,120.669,ok
cyclone,cyclone,2458,2,2000,29.857,41.218,54.995,68.87,85.872,91.673,ok
cyclone,cyclone,2458,3,2000,25.358,29.305,49.223,70.584,81.314,119.106,ok
cyclone,cyclone,2458,4,2000,29.215,33.463,48.492,73.038,165.323,177.506,ok
cyclone,cyclone,2458,5,2000,24.937,34.245,54.724,76.945,102.164,112.854,ok
cyclone,fastdds,2458,1,2000,35.497,51.468,68.79,81.615,168.289,183.277,ok
cyclone,fastdds,2458,2,2000,34.896,55.284,69.822,96.343,196.742,1849.31,ok
cyclone,fastdds,2458,3,2000,34.756,47.66,69.973,96.082,159.762,237.61,ok
cyclone,fastdds,2458,4,2000,35.477,53.15,69.672,90.091,147.57,219.936,ok
cyclone,fastdds,2458,5,2000,35.146,55.665,69.351,92.776,116.401,173.438,ok
cyclone,rti,2458,1,2000,46.087,84.73,102.965,158.47,505.427,568.968,ok
cyclone,rti,2458,2,2000,49.634,82.175,107.012,165.584,238.031,856.712,ok
cyclone,rti,2458,3,2000,51.136,86.173,104.187,145.055,228.733,861.561,ok
cyclone,rti,2458,4,2000,58.561,86.394,114.457,157.849,212.332,281.413,ok
cyclone,rti,2458,5,2000,53.972,87.896,109.948,164.472,243.771,276.724,ok
cyclone,opendds,2458,1,2000,178.649,331.738,407.432,515.486,644.07,734.12,ok
cyclone,opendds,2458,2,2000,212.101,343.751,391.722,496.21,595.398,736.414,ok
cyclone,opendds,2458,3,2000,197.274,330.295,392.864,498.784,885.025,1205.3,ok
cyclone,opendds,2458,4,2000,190.892,335.956,401.1,489.917,580.349,623.891,ok
cyclone,opendds,2458,5,2000,215.759,338.511,394.096,506.199,866.13,2716.47,ok
fastdds,zerodds,2458,1,2000,35.658,40.186,52.189,72.978,105.359,137.891,ok
fastdds,zerodds,2458,2,2000,35.758,40.767,50.285,67.258,109.287,176.153,ok
fastdds,zerodds,2458,3,2000,30.047,41.339,61.356,82.336,125.417,160.684,ok
fastdds,zerodds,2458,4,2000,32.692,44.434,61.046,86.244,136.839,1180.38,ok
fastdds,zerodds,2458,5,2000,35.397,40.928,54.904,79.921,103.667,172.326,ok
fastdds,cyclone,2458,1,2000,33.945,46.308,55.405,80.633,218.574,291.001,ok
fastdds,cyclone,2458,2,2000,31.54,42.911,57.599,81.584,183.538,262.748,ok
fastdds,cyclone,2458,3,2000,33.694,44.093,58.922,84.971,183.237,211.801,ok
fastdds,cyclone,2458,4,2000,33.534,44.645,56.116,69.501,205.369,320.297,ok
fastdds,cyclone,2458,5,2000,33.684,44.113,55.706,80.382,211.31,712.268,ok
fastdds,fastdds,2458,1,2000,35.097,43.322,67.137,93.167,183.547,211.831,ok
fastdds,fastdds,2458,2,2000,36.569,52.5,68.018,98.196,196.843,245.215,ok
fastdds,fastdds,2458,3,2000,35.136,41.749,68.139,85.873,144.363,174.05,ok
fastdds,fastdds,2458,4,2000,34.896,44.594,66.967,86.664,225.657,956.621,ok
fastdds,fastdds,2458,5,2000,31.7,44.184,69.982,103.506,145.946,186.633,ok
fastdds,rti,2458,1,2000,38.333,48.412,71.686,81.574,105.2,152.869,ok
fastdds,rti,2458,2,2000,37.941,49.654,72.527,88.779,107.944,148.341,ok
fastdds,rti,2458,3,2000,36.058,48.692,69.392,95.05,249.212,519.885,ok
fastdds,rti,2458,4,2000,34.856,43.242,61.266,88.738,158.711,171.525,ok
fastdds,rti,2458,5,2000,32.441,44.855,61.767,83.257,96.442,189.308,ok
fastdds,opendds,2458,1,2000,197.775,280.2,341.276,467.796,963.293,1639.76,ok
fastdds,opendds,2458,2,2000,192.224,289.168,363.138,440.574,686.409,809.643,ok
fastdds,opendds,2458,3,2000,195.22,282.334,354.992,511.499,759.929,777.212,ok
fastdds,opendds,2458,4,2000,191.483,284.96,348.641,508.813,671.832,1637.88,ok
fastdds,opendds,2458,5,2000,198.035,286.432,372.866,494.336,692.22,1028,ok
rti,zerodds,2458,1,2000,34.245,40.657,59.392,75.062,170.362,227.751,ok
rti,zerodds,2458,2,2000,27.191,47.951,59.833,73.67,105.81,231.819,ok
rti,zerodds,2458,3,2000,34.095,37.521,58.19,72.127,97.945,111.862,ok
rti,zerodds,2458,4,2000,27.442,41.579,59.012,83.237,154.112,348.87,ok
rti,zerodds,2458,5,2000,26.931,34.776,51.868,70.163,86.123,187.946,ok
rti,cyclone,2458,1,2000,33.323,44.364,66.717,99.237,144.063,179.871,ok
rti,cyclone,2458,2,2000,30.778,44.284,64.452,93.758,228.603,661.804,ok
rti,cyclone,2458,3,2000,30.257,41.96,76.225,134.495,201.321,253.77,ok
rti,cyclone,2458,4,2000,35.277,41.689,64.974,132.832,203.675,348.149,ok
rti,cyclone,2458,5,2000,30.698,42.591,59.643,87.686,178.438,305.609,ok
rti,fastdds,2458,1,2000,39.205,46.037,59.602,81.464,108.515,161.485,ok
rti,fastdds,2458,2,2000,32.602,45.967,68.139,89.78,204.387,237.159,ok
rti,fastdds,2458,3,2000,32.181,45.236,68.149,93.767,116.13,204.758,ok
rti,fastdds,2458,4,2000,36.87,49.043,72.698,121.761,465.161,2191.85,ok
rti,fastdds,2458,5,2000,38.963,52.7,72.226,85.782,113.064,149.353,ok
rti,rti,2458,1,2000,22.423,27.322,46.257,69.11,92.685,620.155,ok
rti,rti,2458,2,2000,22.132,30.227,40.817,62.498,125.628,138.542,ok
rti,rti,2458,3,2000,22.863,31.109,51.207,74.06,206.171,313.915,ok
rti,rti,2458,4,2000,22.242,28.123,48.812,65.744,92.395,139.273,ok
rti,rti,2458,5,2000,22.683,27.422,37.361,65.804,127.532,216.91,ok
rti,opendds,2458,1,0,,,,,,,timeout
rti,opendds,2458,2,0,,,,,,,timeout
rti,opendds,2458,3,0,,,,,,,timeout
rti,opendds,2458,4,0,,,,,,,timeout
rti,opendds,2458,5,0,,,,,,,timeout
opendds,zerodds,2458,1,2000,186.403,238.391,313.043,506.8,1497.73,1702.1,ok
opendds,zerodds,2458,2,2000,188.486,247.789,309.736,382.534,1101.42,1442.57,ok
opendds,zerodds,2458,3,2000,187.305,239.764,299.497,419.644,1357.09,1491.71,ok
opendds,zerodds,2458,4,2000,190.06,244.643,300.77,390.76,1435.75,3142.09,ok
opendds,zerodds,2458,5,2000,197.294,259.03,321.679,413.773,1408.84,1632.18,ok
opendds,cyclone,2458,1,2000,172.848,252.819,324.284,435.345,533.781,645.251,ok
opendds,cyclone,2458,2,2000,185.001,259.311,340.504,490.448,1358.24,1758.61,ok
opendds,cyclone,2458,3,2000,175.322,246.707,342.358,434.964,1030.22,2236.45,ok
opendds,cyclone,2458,4,2000,177.806,249.763,337.589,431.767,807.579,2080.41,ok
opendds,cyclone,2458,5,2000,181.534,251.727,339.703,440.935,582.553,630.804,ok
opendds,fastdds,2458,1,2000,157.749,237.73,309.175,467.496,1020.61,1270.02,ok
opendds,fastdds,2458,2,2000,155.164,242.669,311.139,438.67,734.531,1088.13,ok
opendds,fastdds,2458,3,2000,169.781,247.208,320.987,474.308,1229.78,2108.82,ok
opendds,fastdds,2458,4,2000,173.809,248.48,315.738,443.84,1005.1,1138.47,ok
opendds,fastdds,2458,5,2000,156.626,237.469,311.539,430.876,645.383,1980.41,ok
opendds,rti,2458,1,0,,,,,,,timeout
opendds,rti,2458,2,0,,,,,,,timeout
opendds,rti,2458,3,0,,,,,,,timeout
opendds,rti,2458,4,0,,,,,,,timeout
opendds,rti,2458,5,0,,,,,,,timeout
opendds,opendds,2458,1,2000,297.373,384.538,454.881,637.717,768.926,1264.47,ok
opendds,opendds,2458,2,2000,290.35,356.895,539.442,722.569,1241.43,1950.5,ok
opendds,opendds,2458,3,2000,289.077,351.044,438.731,660.05,847.495,1094.51,ok
opendds,opendds,2458,4,2000,289.828,377.815,493.144,686.551,1235.83,1361.94,ok
opendds,opendds,2458,5,2000,290.75,391.982,584.116,721.937,1009,16017.7,ok
zerodds,zerodds,3277,1,2000,28.604,31.22,43.032,55.044,91.303,135.867,ok
zerodds,zerodds,3277,2,2000,25.719,31.479,40.126,61.186,117.973,138.442,ok
zerodds,zerodds,3277,3,2000,25.468,33.523,46.288,75.283,112.122,255.714,ok
zerodds,zerodds,3277,4,2000,25.849,32.833,44.475,59.793,110.289,151.276,ok
zerodds,zerodds,3277,5,2000,25.859,31.429,43.803,66.366,98.988,306.801,ok
zerodds,cyclone,3277,1,2000,37.691,45.175,63.6,85.192,170.633,228.553,ok
zerodds,cyclone,3277,2,2000,34.135,45.305,67.798,95.12,191.233,193.907,ok
zerodds,cyclone,3277,3,2000,34.075,52.209,70.233,117.853,210.97,311.911,ok
zerodds,cyclone,3277,4,2000,36.83,46.117,64.483,97.575,193.517,284.529,ok
zerodds,cyclone,3277,5,2000,34.566,47.991,65.755,97.454,674.517,1110.94,ok
zerodds,fastdds,3277,1,2000,45.116,55.625,73.088,102.434,156.316,193.867,ok
zerodds,fastdds,3277,2,2000,45.967,57.118,77.798,117.412,219.586,319.895,ok
zerodds,fastdds,3277,3,2000,45.857,57.228,70.043,87.165,105.069,130.757,ok
zerodds,fastdds,3277,4,2000,45.035,54.393,68.018,92.255,129.776,187.315,ok
zerodds,fastdds,3277,5,2000,44.053,56.306,82.616,124.476,190.891,244.393,ok
zerodds,rti,3277,1,2000,35.928,47.83,70.614,90.782,117.843,221.529,ok
zerodds,rti,3277,2,2000,36.008,56.798,77.116,126.009,369.109,458.168,ok
zerodds,rti,3277,3,2000,35.929,50.867,78.579,106.242,205.198,816.406,ok
zerodds,rti,3277,4,2000,39.245,98.867,185.191,206.32,233.793,266.755,ok
zerodds,rti,3277,5,2000,35.727,51.638,70.864,105.65,251.997,324.475,ok
zerodds,opendds,3277,1,2000,236.027,273.858,325.296,585.007,1233.63,1548.12,ok
zerodds,opendds,3277,2,2000,235.807,273.527,349.301,495.819,1368.99,1491.22,ok
zerodds,opendds,3277,3,2000,231.628,274.58,339.443,503.514,1473.35,1813.83,ok
zerodds,opendds,3277,4,2000,236.257,270.001,328.883,478.216,1244.64,1523.78,ok
zerodds,opendds,3277,5,2000,235.556,271.594,341.106,574.207,1601.6,1608.95,ok
cyclone,zerodds,3277,1,2000,32.191,39.134,45.587,73.96,99.409,163.039,ok
cyclone,zerodds,3277,2,2000,31.951,42.72,57.87,70.353,112.313,129.315,ok
cyclone,zerodds,3277,3,2000,32.402,43.302,61.336,96.202,143.863,189.75,ok
cyclone,zerodds,3277,4,2000,29.686,41.408,56.026,79.09,129.986,146.497,ok
cyclone,zerodds,3277,5,2000,29.426,42.22,60.585,82.637,121.851,165.634,ok
cyclone,cyclone,3277,1,2000,29.395,35.928,52.349,68.78,104.498,127.782,ok
cyclone,cyclone,3277,2,2000,25.899,35.036,53.401,68.409,110.259,548.91,ok
cyclone,cyclone,3277,3,2000,29.436,35.467,46.569,66.004,87.125,97.325,ok
cyclone,cyclone,3277,4,2000,25.428,28.634,47.781,67.197,99.939,364.57,ok
cyclone,cyclone,3277,5,2000,25.288,35.968,52.98,69.983,104.448,189.909,ok
cyclone,fastdds,3277,1,2000,33.864,46.889,66.125,92.606,171.234,211.31,ok
cyclone,fastdds,3277,2,2000,32.351,42.03,61.766,97.264,185.842,218.805,ok
cyclone,fastdds,3277,3,2000,35.137,43.683,57.649,87.626,113.775,972.682,ok
cyclone,fastdds,3277,4,2000,32.572,50.916,66.386,96.863,121.581,140.456,ok
cyclone,fastdds,3277,5,2000,32.651,44.054,63.991,87.936,163.56,284.298,ok
cyclone,rti,3277,1,2000,54.282,116.531,149.403,204.247,268.488,522.519,ok
cyclone,rti,3277,2,2000,49.574,111.431,144.864,201.171,305.248,332.52,ok
cyclone,rti,3277,3,2000,56.637,116.912,154.713,217.502,365.392,600.968,ok
cyclone,rti,3277,4,2000,54.924,115.579,146.408,204.116,282.144,382.193,ok
cyclone,rti,3277,5,2000,42.07,116.872,144.613,195.801,253.861,427.049,ok
cyclone,opendds,3277,1,2000,183.527,366.624,419.985,485.5,699.053,712.769,ok
cyclone,opendds,3277,2,2000,200.059,366.935,436.036,536.997,691.068,835.041,ok
cyclone,opendds,3277,3,2000,220.437,369.239,450.032,586.381,818.5,1138.97,ok
cyclone,opendds,3277,4,2000,208.965,364.63,433.951,554.67,724.161,1287.04,ok
cyclone,opendds,3277,5,2000,204.848,362.336,445.995,541.976,710.986,986.608,ok
fastdds,zerodds,3277,1,2000,40.537,48.973,57.87,77.086,98.036,102.624,ok
fastdds,zerodds,3277,2,2000,36.609,54.664,71.255,93.958,171.985,220.157,ok
fastdds,zerodds,3277,3,2000,38.923,51.648,68.63,88.658,128.564,338.471,ok
fastdds,zerodds,3277,4,2000,36.99,49.233,65.775,96.353,184.529,1388.7,ok
fastdds,zerodds,3277,5,2000,33.534,47.67,63.75,83.177,99.659,121.711,ok
fastdds,cyclone,3277,1,2000,35.938,45.486,63.761,88.829,150.154,279.539,ok
fastdds,cyclone,3277,2,2000,31.46,42.05,58.941,79.941,162.528,374.99,ok
fastdds,cyclone,3277,3,2000,28.534,44.063,50.767,84.099,189.168,344.222,ok
fastdds,cyclone,3277,4,2000,33.734,45.637,60.084,87.456,251.206,716.667,ok
fastdds,cyclone,3277,5,2000,32.882,44.614,61.897,105.73,247.088,1667.16,ok
fastdds,fastdds,3277,1,2000,33.383,49.153,65.444,93.798,165.393,185.862,ok
fastdds,fastdds,3277,2,2000,35.678,45.787,69.692,101.191,181.874,1646.58,ok
fastdds,fastdds,3277,3,2000,37.791,48.051,61.918,79.089,121.641,140.035,ok
fastdds,fastdds,3277,4,2000,33.483,41.249,71.425,96.974,160.484,295.009,ok
fastdds,fastdds,3277,5,2000,35.016,36.499,50.877,82.166,121.551,177.306,ok
fastdds,rti,3277,1,2000,32.371,50.536,60.515,85.702,164.431,296.411,ok
fastdds,rti,3277,2,2000,34.235,49.574,64.622,91.493,153.831,343.109,ok
fastdds,rti,3277,3,2000,32.973,40.928,68.099,99.439,280.491,578.606,ok
fastdds,rti,3277,4,2000,32.632,46.929,67.478,85.221,173.97,239.573,ok
fastdds,rti,3277,5,2000,34.075,45.095,73.379,92.556,130.727,197.023,ok
fastdds,opendds,3277,1,2000,177.376,287.635,359.36,495.368,669.648,1320.64,ok
fastdds,opendds,3277,2,2000,188.837,286.212,356.876,502.552,676.901,715.134,ok
fastdds,opendds,3277,3,2000,194.478,280.11,361.024,466.654,700.687,718.841,ok
fastdds,opendds,3277,4,2000,195.681,288.115,351.055,489.467,784.275,943.767,ok
fastdds,opendds,3277,5,2000,197.634,290.57,363.759,470.531,677.462,1011.72,ok
rti,zerodds,3277,1,2000,38.052,61.917,63.731,74.501,182.646,407.341,ok
rti,zerodds,3277,2,2000,30.909,42.46,66.285,83.969,120.899,147.449,ok
rti,zerodds,3277,3,2000,30.969,45.115,64.211,88.347,141.939,265.493,ok
rti,zerodds,3277,4,2000,30.438,44.995,63.581,86.754,139.795,220.347,ok
rti,zerodds,3277,5,2000,37.831,62.068,64.662,77.377,96.944,129.645,ok
rti,cyclone,3277,1,2000,30.177,51.357,70.303,104.948,353.339,420.466,ok
rti,cyclone,3277,2,2000,33.523,44.985,64.241,88.497,205.78,248.39,ok
rti,cyclone,3277,3,2000,33.634,44.755,65.705,97.084,223.242,811.225,ok
rti,cyclone,3277,4,2000,30.818,48.321,66.856,152.96,201.211,270.031,ok
rti,cyclone,3277,5,2000,29.877,50.956,71.947,91.233,164.211,487.784,ok
rti,fastdds,3277,1,2000,32.943,43.563,58.261,80.693,110.83,235.817,ok
rti,fastdds,3277,2,2000,36.209,48.212,72.648,98.115,232.791,409.726,ok
rti,fastdds,3277,3,2000,39.795,46.568,74.411,95.451,141.408,169.221,ok
rti,fastdds,3277,4,2000,36.789,42.55,53.371,72.417,105.9,139.194,ok
rti,fastdds,3277,5,2000,37.331,48.783,73.038,101.211,199.217,610.946,ok
rti,rti,3277,1,2000,20.249,29.736,47.861,76.365,128.363,420.436,ok
rti,rti,3277,2,2000,22.883,27.372,39.595,63.992,113.034,627.298,ok
rti,rti,3277,3,2000,20.058,34.786,48.562,66.666,129.134,162.648,ok
rti,rti,3277,4,2000,24.647,29.626,44.414,66.786,125.447,206.341,ok
rti,rti,3277,5,2000,22.423,27.121,45.606,65.775,86.324,127.18,ok
rti,opendds,3277,1,0,,,,,,,timeout
rti,opendds,3277,2,0,,,,,,,timeout
rti,opendds,3277,3,0,,,,,,,timeout
rti,opendds,3277,4,0,,,,,,,timeout
rti,opendds,3277,5,0,,,,,,,timeout
opendds,zerodds,3277,1,2000,217.321,273.859,340.795,584.778,1217.99,1676.63,ok
opendds,zerodds,3277,2,2000,224.655,276.493,345.985,489.818,1250.38,1322.4,ok
opendds,zerodds,3277,3,2000,216.661,276.263,361.554,536.406,1187.69,1379.9,ok
opendds,zerodds,3277,4,2000,214.205,277.105,339.633,456.695,1514.92,1619.27,ok
opendds,zerodds,3277,5,2000,228.142,274.049,332.61,463.628,1246.25,1485.56,ok
opendds,cyclone,3277,1,2000,204.878,292.324,356.235,432.529,601.259,973.082,ok
opendds,cyclone,3277,2,2000,199.487,284.078,337.569,413.964,539.943,968.684,ok
opendds,cyclone,3277,3,2000,210.288,277.997,352.267,454.7,944.809,1253.99,ok
opendds,cyclone,3277,4,2000,203.685,274.66,345.354,456.795,804.643,1283.92,ok
opendds,cyclone,3277,5,2000,208.675,293.426,363.689,485.64,934.489,1051.77,ok
opendds,fastdds,3277,1,2000,167.277,243.932,305.268,403.845,881.178,1002.44,ok
opendds,fastdds,3277,2,2000,157.438,239.233,312.482,451.094,1092.01,1334.3,ok
opendds,fastdds,3277,3,2000,164.281,247.168,306.69,423.412,571.963,655.311,ok
opendds,fastdds,3277,4,2000,167.567,233.743,293.305,471.202,955.319,1388.16,ok
opendds,fastdds,3277,5,2000,164.993,247.849,321.538,490.9,1198.39,2728.36,ok
opendds,rti,3277,1,0,,,,,,,timeout
opendds,rti,3277,2,0,,,,,,,timeout
opendds,rti,3277,3,0,,,,,,,timeout
opendds,rti,3277,4,0,,,,,,,timeout
opendds,rti,3277,5,0,,,,,,,timeout
opendds,opendds,3277,1,2000,293.756,363.648,445.013,734.741,1015.08,1871.33,ok
opendds,opendds,3277,2,2000,292.053,355.944,638.069,741.564,984.363,1684.82,ok
opendds,opendds,3277,3,2000,292.524,356.144,451.314,708.602,1057.56,1452.37,ok
opendds,opendds,3277,4,2000,617.048,994.133,1162.47,1762.41,2105.82,2194.55,ok
opendds,opendds,3277,5,2000,296.751,372.576,647.877,797.73,1463.84,16106.9,ok
zerodds,zerodds,4096,1,2000,26.691,33.925,46.328,60.023,78.609,118.394,ok
zerodds,zerodds,4096,2,2000,30.167,44.083,46.388,59.913,117.823,157.218,ok
zerodds,zerodds,4096,3,2000,26.36,32.562,45.566,66.917,86.704,131.859,ok
zerodds,zerodds,4096,4,2000,29.666,33.273,44.965,51.658,60.194,75.904,ok
zerodds,zerodds,4096,5,2000,29.616,43.753,45.927,58.17,68.72,81.494,ok
zerodds,cyclone,4096,1,2000,42.851,48.531,65.594,84.25,111.051,344.322,ok
zerodds,cyclone,4096,2,2000,43.282,58.501,72.838,100.831,183.277,507.14,ok
zerodds,cyclone,4096,3,2000,39.294,56.317,75.743,95.191,139.615,233.321,ok
zerodds,cyclone,4096,4,2000,42.932,47.981,56.226,76.826,159.543,227.24,ok
zerodds,cyclone,4096,5,2000,39.135,50.206,67.869,98.656,172.217,300.579,ok
zerodds,fastdds,4096,1,2000,45.205,58.972,80.012,113.465,199.308,584.838,ok
zerodds,fastdds,4096,2,2000,50.175,64.893,80.533,115.178,235.566,595.517,ok
zerodds,fastdds,4096,3,2000,51.527,64.191,81.975,113.004,164.171,1155.13,ok
zerodds,fastdds,4096,4,2000,50.816,58.421,74.01,99.448,173.849,224.435,ok
zerodds,fastdds,4096,5,2000,51.007,63.31,81.184,130.667,220.357,1785.65,ok
zerodds,rti,4096,1,2000,44.153,59.202,82.847,143.531,265.693,270.062,ok
zerodds,rti,4096,2,2000,43.603,62.668,75.062,103.706,153.25,197.474,ok
zerodds,rti,4096,3,2000,43.662,56.477,75.032,135.556,246.457,440.524,ok
zerodds,rti,4096,4,2000,45.166,55.004,78.319,107.183,219.175,245.926,ok
zerodds,rti,4096,5,2000,42.601,56.386,76.415,141.148,237.259,315.668,ok
zerodds,opendds,4096,1,2000,263.949,301.21,372.395,688.233,1664.97,1882.4,ok
zerodds,opendds,4096,2,2000,267.196,304.998,363.167,524.463,1279.4,1541,ok
zerodds,opendds,4096,3,2000,269.821,306.67,390.129,618.07,1394.76,1671.41,ok
zerodds,opendds,4096,4,2000,267.567,302.803,364.751,605.046,1320.01,1869.4,ok
zerodds,opendds,4096,5,2000,262.638,296.251,346.266,512.821,1264.32,1530.16,ok
cyclone,zerodds,4096,1,2000,35.968,46.809,65.584,98.777,182.125,1307.41,ok
cyclone,zerodds,4096,2,2000,38.453,47.029,63.621,84.531,176.394,402.522,ok
cyclone,zerodds,4096,3,2000,36.469,45.917,64.041,91.112,171.295,188.998,ok
cyclone,zerodds,4096,4,2000,39.134,47.069,60.294,72.878,89.109,97.454,ok
cyclone,zerodds,4096,5,2000,40.948,47.17,60.625,77.597,98.937,175.352,ok
cyclone,cyclone,4096,1,2000,26.761,37.812,54.614,84.721,184.299,742.927,ok
cyclone,cyclone,4096,2,2000,30.267,36.79,55.175,88.418,148.281,194.538,ok
cyclone,cyclone,4096,3,2000,30.598,42.49,55.816,79.591,173.248,234.735,ok
cyclone,cyclone,4096,4,2000,28.263,36.509,48.462,69.852,159.222,174.35,ok
cyclone,cyclone,4096,5,2000,30.027,37.271,53.181,73.308,168.359,218.684,ok
cyclone,fastdds,4096,1,2000,33.033,46.778,66.937,92.024,146.377,294.417,ok
cyclone,fastdds,4096,2,2000,34.345,47.5,63.41,100.701,166.796,399.597,ok
cyclone,fastdds,4096,3,2000,36.439,50.245,66.536,102.063,211.861,360.493,ok
cyclone,fastdds,4096,4,2000,32.732,49.033,71.024,94.969,243.14,1253.88,ok
cyclone,fastdds,4096,5,2000,32.101,49.253,67.958,95.1,191.262,254.011,ok
cyclone,rti,4096,1,2000,62.097,115.94,166.756,221.379,410.627,1290.62,ok
cyclone,rti,4096,2,2000,56.828,120.258,166.987,224.625,573.065,761.422,ok
cyclone,rti,4096,3,2000,59.322,123.173,149.473,192.705,263.569,275.802,ok
cyclone,rti,4096,4,2000,60.956,122.071,145.015,219.245,353.319,373.007,ok
cyclone,rti,4096,5,2000,53.792,122.391,144.785,202.163,310.078,1006.03,ok
cyclone,opendds,4096,1,2000,201.722,371.193,419.694,526.506,741.714,1522.15,ok
cyclone,opendds,4096,2,2000,191.122,373.557,440.714,553.718,878.624,1473.18,ok
cyclone,opendds,4096,3,2000,210.619,367.226,433.501,521.537,702.23,1176.34,ok
cyclone,opendds,4096,4,2000,222.07,368.447,438.681,549.711,797.6,963.685,ok
cyclone,opendds,4096,5,2000,202.443,377.114,445.264,530.224,634.792,720.734,ok
fastdds,zerodds,4096,1,2000,45.005,54.403,74.171,107.243,135.527,1084.54,ok
fastdds,zerodds,4096,2,2000,44.134,54.232,63.891,89.57,168.108,208.564,ok
fastdds,zerodds,4096,3,2000,45.416,57.309,69.321,99.689,150.044,229.094,ok
fastdds,zerodds,4096,4,2000,40.267,50.866,69.452,97.866,130.236,157.889,ok
fastdds,zerodds,4096,5,2000,43.533,54.904,71.796,101.382,126.94,158.521,ok
fastdds,cyclone,4096,1,2000,35.497,45.145,62.498,103.516,189.369,258.239,ok
fastdds,cyclone,4096,2,2000,27.802,46.117,64.933,108.556,188.597,257.718,ok
fastdds,cyclone,4096,3,2000,28.284,41.118,61.727,91.513,114.206,237.549,ok
fastdds,cyclone,4096,4,2000,29.606,46.437,57.078,82.126,155.665,194.618,ok
fastdds,cyclone,4096,5,2000,33.564,44.384,57.038,92.806,217.742,304.807,ok
fastdds,fastdds,4096,1,2000,30.508,38.342,55.335,68.61,85.412,137.63,ok
fastdds,fastdds,4096,2,2000,38.282,49.254,65.614,81.654,145.676,181.053,ok
fastdds,fastdds,4096,3,2000,35.127,45.255,61.918,88.318,174.501,655.872,ok
fastdds,fastdds,4096,4,2000,33.043,44.304,58.52,87.786,112.053,150.755,ok
fastdds,fastdds,4096,5,2000,31.419,42.811,61.567,79.511,139.815,489.166,ok
fastdds,rti,4096,1,2000,38.953,61.226,73.88,90.191,148.13,217.171,ok
fastdds,rti,4096,2,2000,34.585,48.872,65.815,93.698,262.216,1655.96,ok
fastdds,rti,4096,3,2000,36.93,48.031,61.928,96.343,241.177,281.493,ok
fastdds,rti,4096,4,2000,36.218,49.143,74.942,101.693,153.741,1069.63,ok
fastdds,rti,4096,5,2000,34.035,47.51,66.466,94.97,232.57,310.558,ok
fastdds,opendds,4096,1,2000,196.101,290.24,347.909,442.057,727.357,1260.6,ok
fastdds,opendds,4096,2,2000,194.058,281.633,357.406,468.778,663.506,1442.14,ok
fastdds,opendds,4096,3,2000,189.769,290.089,344.412,456.625,564.098,844.349,ok
fastdds,opendds,4096,4,2000,196.231,296.642,370.672,511.188,907.338,1066.44,ok
fastdds,opendds,4096,5,2000,186.363,287.545,363.238,483.656,652.145,838.077,ok
rti,zerodds,4096,1,2000,36.729,50.956,67.006,90.361,108.856,120.238,ok
rti,zerodds,4096,2,2000,36.98,47.871,69.191,108.486,191.993,225.186,ok
rti,zerodds,4096,3,2000,36.599,48.211,66.876,104.338,194.158,258.41,ok
rti,zerodds,4096,4,2000,38.974,50.396,65.033,93.227,191.473,226.078,ok
rti,zerodds,4096,5,2000,40.427,51.558,67.508,87.486,187.104,1338.89,ok
rti,cyclone,4096,1,2000,34.956,46.337,62.619,82.757,224.425,1054.03,ok
rti,cyclone,4096,2,2000,34.606,45.577,69.381,161.997,233.722,393.745,ok
rti,cyclone,4096,3,2000,32.09,48.982,71.425,121.109,207.052,358.318,ok
rti,cyclone,4096,4,2000,34.165,48.833,69.612,91.373,218.915,641.093,ok
rti,cyclone,4096,5,2000,34.505,51.167,71.946,114.487,274.88,289.177,ok
rti,fastdds,4096,1,2000,33.233,46.458,65.223,95.551,122.952,218.394,ok
rti,fastdds,4096,2,2000,33.934,49.644,70.604,91.062,187.716,2110.34,ok
rti,fastdds,4096,3,2000,38.473,44.144,59.172,89.119,173.439,499.085,ok
rti,fastdds,4096,4,2000,37.471,47.54,72.257,103.156,145.355,216.6,ok
rti,fastdds,4096,5,2000,37.13,53.862,74.04,89.76,146.107,174.591,ok
rti,rti,4096,1,2000,19.978,29.726,48.882,65.634,113.835,149.403,ok
rti,rti,4096,2,2000,22.573,27.933,41.739,61.506,105.089,265.493,ok
rti,rti,4096,3,2000,23.254,31.159,43.633,68.52,154.522,495.869,ok
rti,rti,4096,4,2000,19.947,33.594,49.193,63.921,133.764,830.272,ok
rti,rti,4096,5,2000,22.963,25.157,37.701,54.904,67.327,70.704,ok
rti,opendds,4096,1,0,,,,,,,timeout
rti,opendds,4096,2,0,,,,,,,timeout
rti,opendds,4096,3,0,,,,,,,timeout
rti,opendds,4096,4,0,,,,,,,timeout
rti,opendds,4096,5,0,,,,,,,timeout
opendds,zerodds,4096,1,2000,242.459,311.439,376.824,561.783,1165.81,1415.76,ok
opendds,zerodds,4096,2,2000,247.729,307.933,391.481,603.653,1272.26,1413.74,ok
opendds,zerodds,4096,3,2000,249.612,318.253,398.695,620.515,1279.86,1802.2,ok
opendds,zerodds,4096,4,2000,257.328,297.303,377.184,567.294,1391.06,1952.99,ok
opendds,zerodds,4096,5,2000,240.415,311.9,388.645,577.734,1083.67,1396.76,ok
opendds,cyclone,4096,1,2000,204.237,284.859,352.879,463.558,643.769,1035.36,ok
opendds,cyclone,4096,2,2000,206.441,274.359,349.592,467.044,1034.37,1318.45,ok
opendds,cyclone,4096,3,2000,205.359,287.214,362.416,510.376,2262.82,2356.83,ok
opendds,cyclone,4096,4,2000,209.617,278.708,346.296,424.875,535.795,813.359,ok
opendds,cyclone,4096,5,2000,205.259,289.779,349.101,437.008,575.57,1297.84,ok
opendds,fastdds,4096,1,2000,158.139,250.594,315.567,419.425,695.076,1247.41,ok
opendds,fastdds,4096,2,2000,174.68,245.535,306.2,401.11,547.346,1612.46,ok
opendds,fastdds,4096,3,2000,174.34,240.826,309.946,440.554,636.575,1532.69,ok
opendds,fastdds,4096,4,2000,170.633,244.232,308.875,607.64,1402.11,2132.13,ok
opendds,fastdds,4096,5,2000,164.651,244.854,317,485.529,849.589,1289.3,ok
opendds,rti,4096,1,0,,,,,,,timeout
opendds,rti,4096,2,0,,,,,,,timeout
opendds,rti,4096,3,0,,,,,,,timeout
opendds,rti,4096,4,0,,,,,,,timeout
opendds,rti,4096,5,0,,,,,,,timeout
opendds,opendds,4096,1,2000,290.38,361.304,462.195,733.519,970.577,1801.39,ok
opendds,opendds,4096,2,2000,285.17,362.096,456.595,722.738,986.758,1275.36,ok
opendds,opendds,4096,3,2000,298.615,372.886,463.227,717.167,974.875,1419.18,ok
opendds,opendds,4096,4,2000,293.546,358.308,457.456,722.528,1180.55,1487.16,ok
opendds,opendds,4096,5,2000,288.116,371.854,514.654,746.062,1277.74,2902.56,ok
zerodds,zerodds,4915,1,2000,26.88,29.416,48.893,67.508,77.657,93.156,ok
zerodds,zerodds,4915,2,2000,30.367,36.449,46.467,57.138,75.302,105.079,ok
zerodds,zerodds,4915,3,2000,26.901,34.926,49.814,72.818,102.304,191.042,ok
zerodds,zerodds,4915,4,2000,30.157,33.233,45.717,60.795,134.465,965.297,ok
zerodds,zerodds,4915,5,2000,30.267,44.494,47.3,67.318,112.443,130.357,ok
zerodds,cyclone,4915,1,2000,40.907,54.252,73.619,116.009,209.005,304.526,ok
zerodds,cyclone,4915,2,2000,40.467,52.349,73.328,109.016,207.673,224.766,ok
zerodds,cyclone,4915,3,2000,40.607,50.756,69.222,94.208,122.792,172.576,ok
zerodds,cyclone,4915,4,2000,40.667,55.374,70.032,98.095,202.614,205.008,ok
zerodds,cyclone,4915,5,2000,44.645,57.158,72.958,97.866,145.415,340.555,ok
zerodds,fastdds,4915,1,2000,47.29,68.39,91.393,113.244,178.598,190.179,ok
zerodds,fastdds,4915,2,2000,51.477,64.542,82.867,136.108,259.552,1421.38,ok
zerodds,fastdds,4915,3,2000,50.756,61.567,84.64,116.33,155.114,260.043,ok
zerodds,fastdds,4915,4,2000,51.808,67.768,87.846,122.882,849.849,1957.35,ok
zerodds,fastdds,4915,5,2000,51.077,66.015,91.113,135.216,360.032,1048.23,ok
zerodds,rti,4915,1,2000,44.123,62.739,85.682,126.841,232.209,261.214,ok
zerodds,rti,4915,2,2000,43.553,63.34,79.45,117.212,217.322,279.208,ok
zerodds,rti,4915,3,2000,44.134,55.125,85.542,115.258,266.254,332.389,ok
zerodds,rti,4915,4,2000,45.065,59.682,81.875,130.317,297.483,777.071,ok
zerodds,rti,4915,5,2000,43.623,61.347,78.759,121.741,283.747,370.621,ok
zerodds,opendds,4915,1,2000,267.977,305.779,359.02,634.611,1331.36,1865.12,ok
zerodds,opendds,4915,2,2000,264.881,300.008,373.898,632.728,1466.19,1531.26,ok
zerodds,opendds,4915,3,2000,267.065,306.279,395.528,624.162,1326.8,1555.69,ok
zerodds,opendds,4915,4,2000,269.33,305.899,342.648,569.428,1363.93,1485.5,ok
zerodds,opendds,4915,5,2000,260.292,302.633,387.934,617.839,1319.7,1941.63,ok
cyclone,zerodds,4915,1,2000,36.199,47.72,67.558,89.339,111.561,144.734,ok
cyclone,zerodds,4915,2,2000,35.968,44.264,53.241,78.98,109.658,191.392,ok
cyclone,zerodds,4915,3,2000,39.084,47.2,64.913,88.978,124.275,320.797,ok
cyclone,zerodds,4915,4,2000,38.954,48.111,64.923,85.241,120.528,338.2,ok
cyclone,zerodds,4915,5,2000,35.998,44.234,59.522,89.81,110.139,172.486,ok
cyclone,cyclone,4915,1,2000,31.119,38.072,55.215,78.168,95.12,121.079,ok
cyclone,cyclone,4915,2,2000,26.741,36.86,54.343,71.255,113.064,178.838,ok
cyclone,cyclone,4915,3,2000,26.5,37.881,55.044,73.509,94.87,141.047,ok
cyclone,cyclone,4915,4,2000,31.009,53.14,55.735,79.029,190.701,541.074,ok
cyclone,cyclone,4915,5,2000,28.334,38.904,54.724,83.217,161.616,267.105,ok
cyclone,fastdds,4915,1,2000,38.262,51.317,72.347,96.843,139.013,1325.14,ok
cyclone,fastdds,4915,2,2000,36.799,51.227,64.402,98.055,178.237,824.029,ok
cyclone,fastdds,4915,3,2000,33.594,49.063,68.55,88.197,108.395,148.831,ok
cyclone,fastdds,4915,4,2000,34.806,60.685,72.427,90.351,134.074,215.929,ok
cyclone,fastdds,4915,5,2000,36.529,57.088,71.035,89.94,127.571,235.646,ok
cyclone,rti,4915,1,2000,54.072,148.651,205.218,256.376,370.15,1397.8,ok
cyclone,rti,4915,2,2000,63.651,148.812,192.885,250.454,351.164,562.655,ok
cyclone,rti,4915,3,2000,96.493,148.471,190.711,247.318,275.572,408.634,ok
cyclone,rti,4915,4,2000,53.702,150.945,186.613,257.928,379.098,790.597,ok
cyclone,rti,4915,5,2000,68.219,153.35,204.256,251.496,426.888,807.187,ok
cyclone,opendds,4915,1,2000,244.643,407.801,482.984,666.903,902.167,967.903,ok
cyclone,opendds,4915,2,2000,201.341,403.003,494.075,629.762,782.863,17178,ok
cyclone,opendds,4915,3,2000,258.279,406.078,495.277,642.035,905.684,15353.6,ok
cyclone,opendds,4915,4,2000,213.985,393.815,457.125,526.337,686.129,729.751,ok
cyclone,opendds,4915,5,2000,223.774,404.165,460.963,575.89,735.963,815.153,ok
fastdds,zerodds,4915,1,2000,40.006,50.456,68.59,91.012,111.14,149.574,ok
fastdds,zerodds,4915,2,2000,46.999,59.022,68.58,102.965,140.136,191.412,ok
fastdds,zerodds,4915,3,2000,40.065,54.904,78.238,107.654,201.17,262.547,ok
fastdds,zerodds,4915,4,2000,40.366,53.391,73.038,110.9,238.311,1127.66,ok
fastdds,zerodds,4915,5,2000,44.674,53.021,68.509,105.069,218.173,573.165,ok
fastdds,cyclone,4915,1,2000,37.421,46.468,60.545,97.935,225.096,252.147,ok
fastdds,cyclone,4915,2,2000,34.916,46.909,66.035,113.655,286.372,637.577,ok
fastdds,cyclone,4915,3,2000,28.394,44.424,61.997,96.052,196.662,377.505,ok
fastdds,cyclone,4915,4,2000,27.793,45.406,55.265,85.692,185.912,1250.59,ok
fastdds,cyclone,4915,5,2000,30.347,43.602,63.71,87.065,136.869,246.617,ok
fastdds,fastdds,4915,1,2000,36.499,53.041,64.963,96.523,165.453,276.454,ok
fastdds,fastdds,4915,2,2000,35.437,47.039,67.588,98.035,208.324,712.319,ok
fastdds,fastdds,4915,3,2000,35.838,55.325,63.571,105.209,234.313,1695.56,ok
fastdds,fastdds,4915,4,2000,36.75,44.144,64.652,94.418,128.463,963.624,ok
fastdds,fastdds,4915,5,2000,39.134,44.174,65.905,98.607,175.402,230.777,ok
fastdds,rti,4915,1,2000,36.92,50.496,66.556,92.896,131.859,635.332,ok
fastdds,rti,4915,2,2000,33.754,41.488,71.556,91.543,204.106,318.463,ok
fastdds,rti,4915,3,2000,35.877,50.535,72.778,95.521,231.087,381.412,ok
fastdds,rti,4915,4,2000,37.381,50.465,70.223,104.939,253.019,653.336,ok
fastdds,rti,4915,5,2000,37.862,47.631,57.94,89.81,231.769,1617.37,ok
fastdds,opendds,4915,1,2000,186.082,289.629,366.815,531.256,905.033,1558.16,ok
fastdds,opendds,4915,2,2000,187.966,293.566,383.146,485.279,639.791,679.416,ok
fastdds,opendds,4915,3,2000,175.753,285.961,342.678,434.343,618.431,843.798,ok
fastdds,opendds,4915,4,2000,189.209,275.332,342.519,431.327,584.016,690.899,ok
fastdds,opendds,4915,5,2000,181.975,290.981,359.02,483.636,665.23,793.021,ok
rti,zerodds,4915,1,2000,41.299,48.311,61.626,89.189,162.278,209.256,ok
rti,zerodds,4915,2,2000,40.607,51.137,66.526,84.239,128.413,161.165,ok
rti,zerodds,4915,3,2000,37.962,51.217,67.918,94.318,124.947,238.251,ok
rti,zerodds,4915,4,2000,40.006,47.24,64.251,77.236,110.81,180.342,ok
rti,zerodds,4915,5,2000,40.918,50.276,70.053,101.372,174.34,278.207,ok
rti,cyclone,4915,1,2000,36.329,47.129,68.71,96.132,245.885,423.753,ok
rti,cyclone,4915,2,2000,36.258,52.7,74.692,103.315,238.031,296.111,ok
rti,cyclone,4915,3,2000,36.73,49.774,74.451,126.219,288.166,407.271,ok
rti,cyclone,4915,4,2000,34.695,50.786,70.133,94.358,193.927,223.864,ok
rti,cyclone,4915,5,2000,35.708,50.365,68.269,86.935,296.752,552.907,ok
rti,fastdds,4915,1,2000,42.551,48.813,73.308,90.942,150.264,238.251,ok
rti,fastdds,4915,2,2000,33.874,49.554,68.82,86.404,105.629,109.166,ok
rti,fastdds,4915,3,2000,41.779,48.182,75.163,99.608,171.605,722.869,ok
rti,fastdds,4915,4,2000,40.055,49.754,77.527,116.791,390.529,914.411,ok
rti,fastdds,4915,5,2000,40.086,45.787,51.407,69.141,119.326,517.921,ok
rti,rti,4915,1,2000,23.615,30.859,50.145,71.014,210.138,372.315,ok
rti,rti,4915,2,2000,20.208,30.758,49.624,63.279,93.587,128.363,ok
rti,rti,4915,3,2000,20.048,30.258,46.899,60.885,107.574,113.204,ok
rti,rti,4915,4,2000,22.733,30.448,49.844,64.703,84.069,115.469,ok
rti,rti,4915,5,2000,20.018,33.093,49.834,67.638,92.726,102.914,ok
rti,opendds,4915,1,0,,,,,,,timeout
rti,opendds,4915,2,0,,,,,,,timeout
rti,opendds,4915,3,0,,,,,,,timeout
rti,opendds,4915,4,0,,,,,,,timeout
rti,opendds,4915,5,0,,,,,,,timeout
opendds,zerodds,4915,1,2000,238.221,305.529,398.374,564.008,1284.16,1571.12,ok
opendds,zerodds,4915,2,2000,257.738,319.374,425.446,677.333,1356.27,1390.61,ok
opendds,zerodds,4915,3,2000,247.348,311.239,376.303,543.198,1445.47,1791.8,ok
opendds,zerodds,4915,4,2000,244.112,314.886,390.149,577.564,1373.66,1696.85,ok
opendds,zerodds,4915,5,2000,255.093,314.686,397.834,550.101,1507.42,1738.21,ok
opendds,cyclone,4915,1,2000,237.5,304.727,376.764,493.004,745.19,1254.29,ok
opendds,cyclone,4915,2,2000,230.606,299.827,346.887,416.449,581.471,1120.43,ok
opendds,cyclone,4915,3,2000,231.628,289.428,359.651,427.559,603.553,1296.23,ok
opendds,cyclone,4915,4,2000,236.718,302.062,365.722,504.345,691.619,1397.83,ok
opendds,cyclone,4915,5,2000,231.669,302.372,357.788,444.02,577.613,871.791,ok
opendds,fastdds,4915,1,2000,157.138,236.368,309.846,435.584,847.535,1138.93,ok
opendds,fastdds,4915,2,2000,173.358,239.463,298.535,422.671,902.789,1315.18,ok
opendds,fastdds,4915,3,2000,159.242,243.201,307.693,426.838,873.775,1025.26,ok
opendds,fastdds,4915,4,2000,178.538,231.738,326.448,421.939,999.663,2003.39,ok
opendds,fastdds,4915,5,2000,176.755,242.018,305.499,387.023,759.909,920.503,ok
opendds,rti,4915,1,0,,,,,,,timeout
opendds,rti,4915,2,0,,,,,,,timeout
opendds,rti,4915,3,0,,,,,,,timeout
opendds,rti,4915,4,0,,,,,,,timeout
opendds,rti,4915,5,0,,,,,,,timeout
opendds,opendds,4915,1,2000,302.954,378.887,458.047,706.628,806.347,1970.06,ok
opendds,opendds,4915,2,2000,291.392,374.218,481.452,654.429,981.078,1027.07,ok
opendds,opendds,4915,3,2000,303.665,382.554,466.273,663.817,938.077,17225.1,ok
opendds,opendds,4915,4,2000,300.77,362.046,441.637,694.966,967.332,2282.64,ok
opendds,opendds,4915,5,2000,302.713,370.893,473.286,762.604,1304.61,2143.74,ok
zerodds,zerodds,5734,1,2000,27.422,34.105,46.268,56.727,83.438,108.876,ok
zerodds,zerodds,5734,2,2000,27.292,35.517,49.173,69.411,98.156,202.053,ok
zerodds,zerodds,5734,3,2000,29.436,31.921,43.052,60.705,94.318,168.92,ok
zerodds,zerodds,5734,4,2000,27.212,31.37,42.761,64.072,84.46,129.114,ok
zerodds,zerodds,5734,5,2000,27.612,40.978,47.891,72.137,146.287,1177.62,ok
zerodds,cyclone,5734,1,2000,50.335,57.75,78.819,120.478,220.979,412.611,ok
zerodds,cyclone,5734,2,2000,49.784,58.561,79.941,114.217,194.077,257.798,ok
zerodds,cyclone,5734,3,2000,50.435,71.645,81.063,120.187,212.953,264.161,ok
zerodds,cyclone,5734,4,2000,46.939,65.053,80.983,115.559,252.528,591.129,ok
zerodds,cyclone,5734,5,2000,45.847,60.515,75.402,97.986,177.836,182.906,ok
zerodds,fastdds,5734,1,2000,52.349,66.055,84.68,118.945,254.843,1409.86,ok
zerodds,fastdds,5734,2,2000,57.248,65.894,93.016,158.901,579.638,1038.2,ok
zerodds,fastdds,5734,3,2000,52.619,71.485,99.358,148.742,243.711,1146.01,ok
zerodds,fastdds,5734,4,2000,57.669,71.635,92.886,135.897,236.277,960.037,ok
zerodds,fastdds,5734,5,2000,57.189,66.096,80.082,104.849,152.419,514.925,ok
zerodds,rti,5734,1,2000,48.652,78.278,94.228,145.255,572.454,2993.59,ok
zerodds,rti,5734,2,2000,51.788,67.778,85.132,111.762,266.865,298.956,ok
zerodds,rti,5734,3,2000,52.089,67.147,86.664,122.282,249.743,256.245,ok
zerodds,rti,5734,4,2000,52.069,68.63,86.083,102.083,170.923,331.337,ok
zerodds,rti,5734,5,2000,49.675,64.402,87.756,128.753,277.656,925.532,ok
zerodds,opendds,5734,1,2000,283.477,320.006,394.326,636.665,1336.65,1414.11,ok
zerodds,opendds,5734,2,2000,297.945,338.912,426.387,664.378,1607.81,1714.16,ok
zerodds,opendds,5734,3,2000,293.185,338.922,442.608,734.441,1429.13,1592.93,ok
zerodds,opendds,5734,4,2000,294.228,335.315,426.167,735.693,1421.87,1613.51,ok
zerodds,opendds,5734,5,2000,294.087,333.06,399.567,707.589,1393.17,1726.79,ok
cyclone,zerodds,5734,1,2000,44.455,53.582,64.232,90.351,109.638,137.861,ok
cyclone,zerodds,5734,2,2000,41.037,55.475,77.026,109.968,145.476,171.054,ok
cyclone,zerodds,5734,3,2000,44.333,56.167,69.472,98.496,129.345,134.284,ok
cyclone,zerodds,5734,4,2000,40.296,52.92,72.147,101.141,121.65,145.275,ok
cyclone,zerodds,5734,5,2000,43.733,51.357,61.497,95.19,205.95,352.117,ok
cyclone,cyclone,5734,1,2000,26.44,35.528,46.298,64.232,93.447,248.812,ok
cyclone,cyclone,5734,2,2000,31.009,53.401,55.916,79.56,181.464,207.754,ok
cyclone,cyclone,5734,3,2000,26.6,33.543,44.564,66.135,110.94,185.371,ok
cyclone,cyclone,5734,4,2000,26.661,38.042,45.025,74.321,185.782,394.157,ok
cyclone,cyclone,5734,5,2000,30.297,37.29,54.253,72.798,91.574,109.788,ok
cyclone,fastdds,5734,1,2000,34.124,48.222,68.63,95.351,208.535,412.061,ok
cyclone,fastdds,5734,2,2000,40.597,55.526,69.632,84.029,112.523,279.219,ok
cyclone,fastdds,5734,3,2000,33.925,46.669,60.615,89.88,162.638,237.159,ok
cyclone,fastdds,5734,4,2000,35.067,54.844,72.407,99.619,195.841,229.204,ok
cyclone,fastdds,5734,5,2000,34.746,53.582,74.882,98.847,320.457,617.82,ok
cyclone,rti,5734,1,2000,67.067,153.29,183.929,269.3,495.609,530.514,ok
cyclone,rti,5734,2,2000,53.772,155.665,207.303,262.016,336.267,465.241,ok
cyclone,rti,5734,3,2000,69.722,150.735,202.924,257.648,459.49,686.21,ok
cyclone,rti,5734,4,2000,65.785,156.376,180.682,343.601,443.821,660.27,ok
cyclone,rti,5734,5,2000,44.534,152.989,189.449,261.125,353.329,1040.97,ok
cyclone,opendds,5734,1,2000,180.011,402.072,480.63,646.854,1333.09,16157.4,ok
cyclone,opendds,5734,2,2000,251.817,408.213,470.241,572.825,926.575,1658.26,ok
cyclone,opendds,5734,3,2000,273.208,404.716,481.422,588.414,728.48,885.837,ok
cyclone,opendds,5734,4,2000,205.689,406.069,502.382,737.637,1627.96,14277,ok
cyclone,opendds,5734,5,2000,202.073,395.218,503.934,686.781,914.722,18878.2,ok
fastdds,zerodds,5734,1,2000,42.791,61.487,83.207,110.62,166.786,271.665,ok
fastdds,zerodds,5734,2,2000,50.505,63.61,82.987,124.917,560.651,1097.39,ok
fastdds,zerodds,5734,3,2000,48.571,62.919,77.447,117.803,186.793,575.339,ok
fastdds,zerodds,5734,4,2000,51.928,63.87,79.159,118.565,202.473,1091.54,ok
fastdds,zerodds,5734,5,2000,50.626,64.883,81.575,123.414,253.48,821.716,ok
fastdds,cyclone,5734,1,2000,28.765,44.995,62.849,93.327,173.208,256.877,ok
fastdds,cyclone,5734,2,2000,27.682,44.775,60.134,82.556,165.553,219.596,ok
fastdds,cyclone,5734,3,2000,28.103,45.686,61.847,83.919,101.853,136.318,ok
fastdds,cyclone,5734,4,2000,35.738,43.532,57.489,75.012,92.325,453.899,ok
fastdds,cyclone,5734,5,2000,33.944,44.474,60.985,93.547,204.647,380.42,ok
fastdds,fastdds,5734,1,2000,33.834,44.304,60.614,94.158,196.211,821.155,ok
fastdds,fastdds,5734,2,2000,37.491,49.504,68.66,91.353,100.45,179.319,ok
fastdds,fastdds,5734,3,2000,37.511,46.668,63.73,80.753,126.94,171.785,ok
fastdds,fastdds,5734,4,2000,37.2,53.121,63.531,100.931,257.057,849.699,ok
fastdds,fastdds,5734,5,2000,37.28,49.714,64.953,94.669,256.525,533.86,ok
fastdds,rti,5734,1,2000,37.441,49.704,69.261,100.21,196.702,232.55,ok
fastdds,rti,5734,2,2000,40.436,49.344,71.596,86.924,160.314,188.436,ok
fastdds,rti,5734,3,2000,37.651,42.872,60.324,82.857,244.924,332.089,ok
fastdds,rti,5734,4,2000,34.605,51.207,76.585,102.353,675.769,1002.72,ok
fastdds,rti,5734,5,2000,37.02,50.606,71.204,102.414,126.89,169.501,ok
fastdds,opendds,5734,1,2000,185.09,294.738,366.354,491.781,753.086,861.672,ok
fastdds,opendds,5734,2,2000,203.676,299.527,381.583,497.752,677.693,704.745,ok
fastdds,opendds,5734,3,2000,186.564,297.213,380.511,491.281,683.264,1030.59,ok
fastdds,opendds,5734,4,2000,202.483,283.897,357.817,449.651,657.264,739.741,ok
fastdds,opendds,5734,5,2000,199.698,294.748,381.041,544.151,1625.6,1972.72,ok
rti,zerodds,5734,1,2000,43.252,57.789,74,98.286,258.078,847.645,ok
rti,zerodds,5734,2,2000,44.785,58.55,76.525,101.382,179.74,187.755,ok
rti,zerodds,5734,3,2000,42.911,58.981,80.683,106.592,151.747,201.341,ok
rti,zerodds,5734,4,2000,42.109,55.545,69.071,92.796,113.104,782.502,ok
rti,zerodds,5734,5,2000,50.726,65.724,79.551,96.433,158.32,225.467,ok
rti,cyclone,5734,1,2000,36.459,53.902,77.446,96.783,212.102,240.987,ok
rti,cyclone,5734,2,2000,33.684,45.616,68.5,119.426,284.559,376.763,ok
rti,cyclone,5734,3,2000,37.321,52.84,71.856,104.718,235.937,274.5,ok
rti,cyclone,5734,4,2000,36.91,49.684,67.779,91.413,212.803,478.336,ok
rti,cyclone,5734,5,2000,36.579,50.616,72.597,104.618,322.16,340.826,ok
rti,fastdds,5734,1,2000,34.405,50.315,74.751,99.068,146.468,635.864,ok
rti,fastdds,5734,2,2000,39.294,48.632,74.481,97.074,164.692,511.809,ok
rti,fastdds,5734,3,2000,39.976,45.776,68.951,92.926,142.219,167.648,ok
rti,fastdds,5734,4,2000,37.762,50.114,68.119,98.005,191.964,335.335,ok
rti,fastdds,5734,5,2000,38.844,52.77,73.669,102.715,223.914,355.213,ok
rti,rti,5734,1,2000,24.998,28.024,40.607,61.727,154.883,1289.67,ok
rti,rti,5734,2,2000,23.364,35.377,49.844,64.151,115.679,146.538,ok
rti,rti,5734,3,2000,23.665,49.684,52.269,65.103,132.451,160.364,ok
rti,rti,5734,4,2000,24.195,31.6,40.367,64.532,111.14,160.103,ok
rti,rti,5734,5,2000,23.274,26.8,44.875,66.656,201.772,209.737,ok
rti,opendds,5734,1,0,,,,,,,timeout
rti,opendds,5734,2,0,,,,,,,timeout
rti,opendds,5734,3,0,,,,,,,timeout
rti,opendds,5734,4,0,,,,,,,timeout
rti,opendds,5734,5,0,,,,,,,timeout
opendds,zerodds,5734,1,2000,278.607,347.909,441.125,615.135,1280,1582.5,ok
opendds,zerodds,5734,2,2000,270.001,340.755,425.876,671.562,1278.7,1456.74,ok
opendds,zerodds,5734,3,2000,270.753,343.711,436.296,638.409,1260.21,2787.75,ok
opendds,zerodds,5734,4,2000,287.274,348.029,449.782,734.611,1352.53,1683.33,ok
opendds,zerodds,5734,5,2000,285.2,343.14,433.53,680.99,1281.6,1943.65,ok
opendds,cyclone,5734,1,2000,232.009,291.402,366.695,473.056,575.049,2270.3,ok
opendds,cyclone,5734,2,2000,226.67,298.555,360.753,444.191,908.13,1279.26,ok
opendds,cyclone,5734,3,2000,231.519,299.036,368.507,454.531,544.511,593.134,ok
opendds,cyclone,5734,4,2000,241.457,303.545,379.699,471.302,815.514,1862.15,ok
opendds,cyclone,5734,5,2000,234.444,304.236,366.253,465.371,856.1,1260.72,ok
opendds,fastdds,5734,1,2000,177.897,243.17,307.031,401.961,803.05,947.003,ok
opendds,fastdds,5734,2,2000,174.37,243.722,303.515,380.531,619.513,836.224,ok
opendds,fastdds,5734,3,2000,162.548,242.52,302.914,451.585,734.651,1087.71,ok
opendds,fastdds,5734,4,2000,167.958,245.796,311.981,407.923,924.802,996.397,ok
opendds,fastdds,5734,5,2000,160.333,245.244,313.583,488.435,971.449,1120.95,ok
opendds,rti,5734,1,0,,,,,,,timeout
opendds,rti,5734,2,0,,,,,,,timeout
opendds,rti,5734,3,0,,,,,,,timeout
opendds,rti,5734,4,0,,,,,,,timeout
opendds,rti,5734,5,0,,,,,,,timeout
opendds,opendds,5734,1,2000,306.501,388.716,505.767,871.04,1705.3,2247.26,ok
opendds,opendds,5734,2,2000,303.344,380.22,501.72,787.241,961.511,15894.2,ok
opendds,opendds,5734,3,2000,306.38,381.472,481.812,700.616,1027.58,1089.35,ok
opendds,opendds,5734,4,2000,306.531,376.884,465.341,762.174,1429.15,1978.56,ok
opendds,opendds,5734,5,2000,309.386,389.678,510.336,821.666,1680.52,2251.42,ok
zerodds,zerodds,6554,1,2000,27.482,32.822,43.403,57.449,71.476,146.518,ok
zerodds,zerodds,6554,2,2000,30.748,44.584,47.891,62.889,96.864,133.193,ok
zerodds,zerodds,6554,3,2000,30.908,45.235,47.55,63.069,81.454,150.004,ok
zerodds,zerodds,6554,4,2000,27.843,36.66,54.844,74.612,186.873,327.891,ok
zerodds,zerodds,6554,5,2000,27.622,34.014,44.565,63.46,81.525,95.18,ok
zerodds,cyclone,6554,1,2000,46.268,60.976,79.991,109.557,195.059,260.764,ok
zerodds,cyclone,6554,2,2000,48.231,58.151,79.05,117.643,233.593,265.472,ok
zerodds,cyclone,6554,3,2000,50.836,68.72,79.41,110.749,218.905,255.263,ok
zerodds,cyclone,6554,4,2000,50.656,67.358,81.605,135.116,195.991,259.792,ok
zerodds,cyclone,6554,5,2000,47.469,58.872,79.15,125.457,264.832,891.488,ok
zerodds,fastdds,6554,1,2000,50.466,68.85,92.696,123.744,258.63,1407.38,ok
zerodds,fastdds,6554,2,2000,51.167,65.203,78.038,101.172,212.733,232.551,ok
zerodds,fastdds,6554,3,2000,58.831,71.626,102.665,140.366,279.228,489.286,ok
zerodds,fastdds,6554,4,2000,54.984,72.056,95.37,127.111,271.904,1266.8,ok
zerodds,fastdds,6554,5,2000,53.692,70.844,93.456,139.524,223.142,580.489,ok
zerodds,rti,6554,1,2000,48.571,73.59,92.485,122.412,297.012,1045.85,ok
zerodds,rti,6554,2,2000,52.76,63.711,85.562,94.699,184.81,368.779,ok
zerodds,rti,6554,3,2000,53.211,63.39,86.393,122.703,229.665,924.36,ok
zerodds,rti,6554,4,2000,51.187,63.3,85.732,113.205,226.859,239.103,ok
zerodds,rti,6554,5,2000,52.87,68.029,86.644,118.214,265.382,306.37,ok
zerodds,opendds,6554,1,2000,289.578,337.619,416.208,685.067,1529.9,2041.8,ok
zerodds,opendds,6554,2,2000,289.999,335.234,404.776,735.793,1435.67,2453.39,ok
zerodds,opendds,6554,3,2000,286.923,325.406,395.879,670.389,1361.65,1555.28,ok
zerodds,opendds,6554,4,2000,292.424,336.177,421.969,693.183,1215.64,1726.44,ok
zerodds,opendds,6554,5,2000,290.58,331.157,387.704,679.617,1377.02,1699.76,ok
cyclone,zerodds,6554,1,2000,43.433,57.399,78.649,111.521,249.653,287.344,ok
cyclone,zerodds,6554,2,2000,45.395,54.403,63.3,100.19,194.879,395.048,ok
cyclone,zerodds,6554,3,2000,42.641,56.016,71.436,103.466,156.657,202.664,ok
cyclone,zerodds,6554,4,2000,45.175,55.646,65.304,86.434,115.378,128.223,ok
cyclone,zerodds,6554,5,2000,42.861,56.287,72.988,111.361,165.353,194.859,ok
cyclone,cyclone,6554,1,2000,30.858,53.472,55.946,71.055,99.138,106.031,ok
cyclone,cyclone,6554,2,2000,27.141,34.385,48.472,63.32,135.446,192.915,ok
cyclone,cyclone,6554,3,2000,27.171,41.819,58.01,91.172,206,951.602,ok
cyclone,cyclone,6554,4,2000,26.961,37.621,57.529,80.573,162.959,179.96,ok
cyclone,cyclone,6554,5,2000,29.065,39.315,59.462,81.715,163.971,193.026,ok
cyclone,fastdds,6554,1,2000,36.028,49.664,65.454,98.086,185.1,404.455,ok
cyclone,fastdds,6554,2,2000,35.767,49.464,67.639,88.558,205.79,332.69,ok
cyclone,fastdds,6554,3,2000,34.085,48.492,70.413,92.265,188.707,469.499,ok
cyclone,fastdds,6554,4,2000,36.329,48.512,66.285,93.677,170.442,390.68,ok
cyclone,fastdds,6554,5,2000,34.966,50.435,68.62,103.135,183.758,311.47,ok
cyclone,rti,6554,1,2000,60.975,181.784,242.95,307.973,382.094,701.699,ok
cyclone,rti,6554,2,2000,81.083,185.171,232.511,307.382,425.385,705.696,ok
cyclone,rti,6554,3,2000,63.27,182.305,232.591,296.831,591.63,1664.33,ok
cyclone,rti,6554,4,2000,65.644,181.123,225.036,284.278,473.506,816.796,ok
cyclone,rti,6554,5,2000,60.945,182.625,230.787,344.012,602.952,701.118,ok
cyclone,opendds,6554,1,2000,226.97,433.761,511.589,703.051,877.331,984.023,ok
cyclone,opendds,6554,2,2000,206.131,435.645,513.022,621.306,838.929,15461.5,ok
cyclone,opendds,6554,3,2000,222.041,426.598,477.213,588.254,974.906,14352,ok
cyclone,opendds,6554,4,2000,236.608,439.603,519.253,629.502,745.712,15391.8,ok
cyclone,opendds,6554,5,2000,200.991,440.775,537.568,683.143,1113.72,14559.6,ok
fastdds,zerodds,6554,1,2000,52.269,65.113,104.989,122.201,164.742,226.529,ok
fastdds,zerodds,6554,2,2000,50.786,61.597,72.107,93.827,152.038,212.603,ok
fastdds,zerodds,6554,3,2000,51.487,62.749,78.449,114.497,476.112,3106.81,ok
fastdds,zerodds,6554,4,2000,49.874,62.649,82.236,139.044,199.237,710.065,ok
fastdds,zerodds,6554,5,2000,46.048,61.716,76.595,110.138,156.136,280.031,ok
fastdds,cyclone,6554,1,2000,28.534,45.687,58.441,83.819,191.412,442.588,ok
fastdds,cyclone,6554,2,2000,29.375,52.159,68.559,109.026,293.415,929.77,ok
fastdds,cyclone,6554,3,2000,37.631,47.029,58.43,81.254,135.426,196.141,ok
fastdds,cyclone,6554,4,2000,28.854,46.348,69.281,100.36,156.988,212.723,ok
fastdds,cyclone,6554,5,2000,36.569,46.879,57.669,75.924,181.704,250.254,ok
fastdds,fastdds,6554,1,2000,37.16,53.652,71.886,101.903,196.613,632.378,ok
fastdds,fastdds,6554,2,2000,35.667,52.589,68.269,117.943,214.346,407.211,ok
fastdds,fastdds,6554,3,2000,31.831,48.211,62.248,83.137,115.699,250.835,ok
fastdds,fastdds,6554,4,2000,38.282,44.054,47.76,66.205,166.987,268.167,ok
fastdds,fastdds,6554,5,2000,36.048,47.309,66.225,95.391,465.601,769.728,ok
fastdds,rti,6554,1,2000,33.413,46.808,68.119,93.026,224.665,714.292,ok
fastdds,rti,6554,2,2000,36.229,49.483,65.784,97.254,152.118,820.784,ok
fastdds,rti,6554,3,2000,36.359,50.676,67.517,87.506,143.071,229.965,ok
fastdds,rti,6554,4,2000,38.022,53.111,68.73,95.33,148.09,238.382,ok
fastdds,rti,6554,5,2000,36.309,49.083,70.103,93.817,202.503,225.878,ok
fastdds,opendds,6554,1,2000,194.649,290.921,358.588,478.966,617.019,1174.6,ok
fastdds,opendds,6554,2,2000,203.155,288.587,352.518,480.46,713.451,894.895,ok
fastdds,opendds,6554,3,2000,198.736,288.826,351.957,523.491,764.448,822.567,ok
fastdds,opendds,6554,4,2000,183.628,288.326,361.735,502.672,1187.36,1266.96,ok
fastdds,opendds,6554,5,2000,175.072,287.815,347.418,476.472,856.632,2073.24,ok
rti,zerodds,6554,1,2000,46.257,57.339,79.21,104.268,237.179,291.853,ok
rti,zerodds,6554,2,2000,48.151,58.792,79.731,103.857,143.121,149.744,ok
rti,zerodds,6554,3,2000,47.19,59.031,79.13,96.142,138.212,161.957,ok
rti,zerodds,6554,4,2000,44.695,61.126,82.846,117.442,237.15,697.831,ok
rti,zerodds,6554,5,2000,42.871,57.899,75.613,100.931,202.463,339.473,ok
rti,cyclone,6554,1,2000,37.711,51.648,74.25,92.195,135.085,170.562,ok
rti,cyclone,6554,2,2000,38.283,55.385,77.076,99.449,224.134,398.895,ok
rti,cyclone,6554,3,2000,38.583,53.822,74.421,100.471,282.234,1051.82,ok
rti,cyclone,6554,4,2000,38.042,55.265,78.269,109.147,240.034,404.195,ok
rti,cyclone,6554,5,2000,35.167,56.307,77.877,104.788,366.023,850.671,ok
rti,fastdds,6554,1,2000,34.516,49.944,65.684,101.512,230.095,636.064,ok
rti,fastdds,6554,2,2000,40.317,46.448,70.073,87.105,170.664,396.351,ok
rti,fastdds,6554,3,2000,38.152,48.021,72.898,94.92,177.647,197.664,ok
rti,fastdds,6554,4,2000,39.385,50.897,68.209,97.254,207.433,1896.01,ok
rti,fastdds,6554,5,2000,39.274,47.741,74.451,89.75,134.084,219.926,ok
rti,rti,6554,1,2000,20.349,31.98,46.318,62.629,88.938,141.118,ok
rti,rti,6554,2,2000,22.883,31.42,48.271,62.999,138.011,373.918,ok
rti,rti,6554,3,2000,20.078,28.233,38.272,58.751,135.717,207.193,ok
rti,rti,6554,4,2000,22.904,34.225,49.844,60.795,124.957,161.175,ok
rti,rti,6554,5,2000,23.154,34.365,49.754,61.496,75.664,83.638,ok
rti,opendds,6554,1,0,,,,,,,timeout
rti,opendds,6554,2,0,,,,,,,timeout
rti,opendds,6554,3,0,,,,,,,timeout
rti,opendds,6554,4,0,,,,,,,timeout
rti,opendds,6554,5,0,,,,,,,timeout
opendds,zerodds,6554,1,2000,273.388,334.784,416.638,621.387,1223.87,1653.87,ok
opendds,zerodds,6554,2,2000,274.74,333.422,426.928,660.01,1155.74,1776.09,ok
opendds,zerodds,6554,3,2000,275.291,346.335,441.316,639.792,1324.65,1509.17,ok
opendds,zerodds,6554,4,2000,272.957,344.091,457.105,610.065,1260.23,1479.14,ok
opendds,zerodds,6554,5,2000,268.008,336.708,436.576,642.476,1291.8,1318.09,ok
opendds,cyclone,6554,1,2000,258.229,316.82,379.078,449.241,1112.26,1692.82,ok
opendds,cyclone,6554,2,2000,260.994,320.416,381.372,462.857,752.625,1202.56,ok
opendds,cyclone,6554,3,2000,259.351,310.458,383.336,467.816,665.11,1270.38,ok
opendds,cyclone,6554,4,2000,262.758,323.964,401.55,552.336,954.688,1674.5,ok
opendds,cyclone,6554,5,2000,265.713,313.404,376.653,481.111,1065.64,2455.12,ok
opendds,fastdds,6554,1,2000,157.338,238.211,303.195,428.882,708.982,848.166,ok
opendds,fastdds,6554,2,2000,156.727,237.871,298.485,385.37,834.992,1003.76,ok
opendds,fastdds,6554,3,2000,178.579,250.515,323.703,503.644,1326.79,4015.43,ok
opendds,fastdds,6554,4,2000,161.716,242.76,303.434,438.45,1177.11,1224.2,ok
opendds,fastdds,6554,5,2000,175.913,247.238,302.342,389.297,528.34,785.788,ok
opendds,rti,6554,1,0,,,,,,,timeout
opendds,rti,6554,2,0,,,,,,,timeout
opendds,rti,6554,3,0,,,,,,,timeout
opendds,rti,6554,4,0,,,,,,,timeout
opendds,rti,6554,5,0,,,,,,,timeout
opendds,opendds,6554,1,2000,314.315,388.576,476.082,795.726,1221.58,17989.9,ok
opendds,opendds,6554,2,2000,310.298,394.938,462.185,585.459,758.857,934.018,ok
opendds,opendds,6554,3,2000,305.048,410.688,566.002,873.283,1298.77,15226.8,ok
opendds,opendds,6554,4,2000,310.067,400.679,530.625,901.567,1652.94,16353.7,ok
opendds,opendds,6554,5,2000,794.895,1182.12,1324.7,1639.96,2556.3,2930.61,ok
zerodds,zerodds,7373,1,2000,27.832,35.988,47.78,70.544,132.331,276.844,ok
zerodds,zerodds,7373,2,2000,31.53,36.71,49.263,69.201,75.343,129.666,ok
zerodds,zerodds,7373,3,2000,27.923,34.987,48.281,73.509,118.034,148.481,ok
zerodds,zerodds,7373,4,2000,28.073,37.751,50.836,69.902,98.326,121.631,ok
zerodds,zerodds,7373,5,2000,28.314,32.732,39.625,59.743,126.038,261.785,ok
zerodds,cyclone,7373,1,2000,50.385,66.266,85.682,116.39,195.631,1172.69,ok
zerodds,cyclone,7373,2,2000,53.652,84.861,92.876,148.712,253.32,657.384,ok
zerodds,cyclone,7373,3,2000,51.929,68.259,88.267,132.821,242.569,1265.86,ok
zerodds,cyclone,7373,4,2000,56.487,70.804,89.569,123.594,247.789,408.774,ok
zerodds,cyclone,7373,5,2000,51.938,80.402,100.921,200.079,379.439,704.134,ok
zerodds,fastdds,7373,1,2000,60.244,75.533,95.35,141.759,232.06,1349.87,ok
zerodds,fastdds,7373,2,2000,62.829,78.168,91.904,128.974,160.775,181.995,ok
zerodds,fastdds,7373,3,2000,64.072,79.16,101.452,148.421,529.042,1963.86,ok
zerodds,fastdds,7373,4,2000,55.405,78.368,105.279,138.723,279.129,434.222,ok
zerodds,fastdds,7373,5,2000,64.001,79.31,108.896,140.085,364.951,721.697,ok
zerodds,rti,7373,1,2000,52.91,69.892,93.317,130.447,260.253,898.601,ok
zerodds,rti,7373,2,2000,57.208,67.488,79.621,102.725,270.893,754.038,ok
zerodds,rti,7373,3,2000,56.637,69.632,89.589,113.645,239.584,367.587,ok
zerodds,rti,7373,4,2000,53.992,69.031,89.229,122.482,274.7,529.753,ok
zerodds,rti,7373,5,2000,53.401,79.971,99.919,146.728,290.7,299.777,ok
zerodds,opendds,7373,1,2000,321.469,369.429,483.916,779.837,1396.12,1596.2,ok
zerodds,opendds,7373,2,2000,316.79,366.234,454.821,690.528,1354.77,1507.18,ok
zerodds,opendds,7373,3,2000,325.005,363.257,418.783,691.089,1262.45,1476.93,ok
zerodds,opendds,7373,4,2000,321.478,363.729,443.66,700.316,1248.5,1478.87,ok
zerodds,opendds,7373,5,2000,313.804,363.518,465.902,773.324,1380.02,1573.06,ok
cyclone,zerodds,7373,1,2000,46.398,57.65,80.613,128.744,195.821,245.886,ok
cyclone,zerodds,7373,2,2000,47.36,59.302,84.821,119.977,276.934,473.446,ok
cyclone,zerodds,7373,3,2000,50.315,58.651,75.152,110.399,167.777,206.701,ok
cyclone,zerodds,7373,4,2000,49.203,60.204,78.809,103.747,184.85,391.081,ok
cyclone,zerodds,7373,5,2000,49.995,62.789,82.567,120.107,192.695,296.321,ok
cyclone,cyclone,7373,1,2000,31.069,49.945,56.798,77.708,98.376,242.71,ok
cyclone,cyclone,7373,2,2000,31.71,38.983,56.457,76.836,105.63,133.403,ok
cyclone,cyclone,7373,3,2000,27.162,37.612,58.04,80.823,200.199,233.322,ok
cyclone,cyclone,7373,4,2000,31.771,43.052,55.785,73.88,104.327,153.821,ok
cyclone,cyclone,7373,5,2000,27.441,37.591,55.716,75.443,115.679,174.58,ok
cyclone,fastdds,7373,1,2000,33.644,49.093,66.316,94.88,194.628,1007.58,ok
cyclone,fastdds,7373,2,2000,33.263,42.932,65.524,83.739,113.715,137.44,ok
cyclone,fastdds,7373,3,2000,33.533,48.672,70.464,96.483,294.367,606.118,ok
cyclone,fastdds,7373,4,2000,35.497,47.219,65.374,99.278,198.485,753.948,ok
cyclone,fastdds,7373,5,2000,33.834,49.414,74.812,102.263,261.695,1732.29,ok
cyclone,rti,7373,1,2000,145.425,215.287,270.442,367.266,637.197,1086.44,ok
cyclone,rti,7373,2,2000,82.146,210.288,251.486,338.831,624.042,748.157,ok
cyclone,rti,7373,3,2000,63.56,216.971,295.129,363.167,526.837,1416.72,ok
cyclone,rti,7373,4,2000,76.164,216.28,256.987,328.462,399.045,574.137,ok
cyclone,rti,7373,5,2000,77.187,216.931,259.651,355.453,434.753,1679.04,ok
cyclone,opendds,7373,1,2000,201.762,463.497,520.496,671.762,1189.1,14687.7,ok
cyclone,opendds,7373,2,2000,196.602,468.858,543.479,669.097,1331.4,1424.82,ok
cyclone,opendds,7373,3,2000,240.265,480.059,546.545,711.277,1296.73,13588,ok
cyclone,opendds,7373,4,2000,221.009,468.838,533.79,710.946,1371.71,13759.7,ok
cyclone,opendds,7373,5,2000,247.288,461.865,538.74,708.632,829.29,1053.12,ok
fastdds,zerodds,7373,1,2000,50.936,65.254,81.594,125.678,157.409,196.381,ok
fastdds,zerodds,7373,2,2000,50.816,66.335,92.114,137.951,216.259,706.278,ok
fastdds,zerodds,7373,3,2000,51.156,67.317,91.704,130.036,325.837,915.594,ok
fastdds,zerodds,7373,4,2000,57.509,74.391,91.293,126.77,276.594,901.257,ok
fastdds,zerodds,7373,5,2000,52.61,71.245,104.748,139.254,189.209,354.401,ok
fastdds,cyclone,7373,1,2000,28.183,45.697,61.436,111.201,332.158,1161.32,ok
fastdds,cyclone,7373,2,2000,29.456,47.9,67.588,100.31,167.888,237.68,ok
fastdds,cyclone,7373,3,2000,32.311,46.458,63.46,87.035,138.843,223.643,ok
fastdds,cyclone,7373,4,2000,31.058,48.562,64.191,91.984,180.211,200.279,ok
fastdds,cyclone,7373,5,2000,29.596,46.257,62.989,90.792,185.822,1092.02,ok
fastdds,fastdds,7373,1,2000,30.838,45.786,66.115,92.666,164.341,182.826,ok
fastdds,fastdds,7373,2,2000,37.46,42.24,61.717,75.954,100.179,188.227,ok
fastdds,fastdds,7373,3,2000,39.735,47.209,61.847,93.737,209.617,563.777,ok
fastdds,fastdds,7373,4,2000,36.409,46.989,64.792,88.578,240.745,612.7,ok
fastdds,fastdds,7373,5,2000,37.852,43.403,64.452,77.908,147.69,238.932,ok
fastdds,rti,7373,1,2000,36.93,50.396,71.505,95.611,131.78,246.327,ok
fastdds,rti,7373,2,2000,37.07,51.568,73.379,96.553,138.412,255.283,ok
fastdds,rti,7373,3,2000,32.822,50.165,66.586,94.609,188.337,518.692,ok
fastdds,rti,7373,4,2000,37.13,49.273,72.037,106.602,256.646,309.887,ok
fastdds,rti,7373,5,2000,36.86,47.5,65.454,100.36,209.527,234.574,ok
fastdds,opendds,7373,1,2000,201.161,291.172,357.707,561.072,1007.01,1597.45,ok
fastdds,opendds,7373,2,2000,183.808,298.365,387.604,530.554,818.139,1944.29,ok
fastdds,opendds,7373,3,2000,196.272,283.387,361.875,498.855,813.761,1344.63,ok
fastdds,opendds,7373,4,2000,194.468,284.098,348.029,470.892,656.292,2339.04,ok
fastdds,opendds,7373,5,2000,185.321,295.75,349.411,471.072,762.453,1135.41,ok
rti,zerodds,7373,1,2000,47.229,62.869,88.017,120.598,157.508,242.259,ok
rti,zerodds,7373,2,2000,54.664,63.711,83.068,101.893,119.336,226.789,ok
rti,zerodds,7373,3,2000,54.092,68.3,84.069,102.695,152.159,264.491,ok
rti,zerodds,7373,4,2000,46.067,61.807,82.326,107.775,219.075,443.349,ok
rti,zerodds,7373,5,2000,48.282,67.137,87.766,116.932,189.85,270.833,ok
rti,cyclone,7373,1,2000,37.692,56.166,80.613,134.905,269.571,592.091,ok
rti,cyclone,7373,2,2000,39.916,55.245,77.907,103.225,201.08,551.124,ok
rti,cyclone,7373,3,2000,35.136,55.124,74.531,97.505,252.498,517.861,ok
rti,cyclone,7373,4,2000,39.725,58.1,80.102,105.58,348.439,2115.63,ok
rti,cyclone,7373,5,2000,39.074,52.339,75.322,102.794,185.712,473.005,ok
rti,fastdds,7373,1,2000,34.264,50.205,69.161,102.494,277.495,787.18,ok
rti,fastdds,7373,2,2000,42,46.638,69.401,97.093,178.669,401.09,ok
rti,fastdds,7373,3,2000,39.324,48.732,75.062,98.356,210.218,365.131,ok
rti,fastdds,7373,4,2000,34.585,52.9,75.223,105.45,184.269,705.366,ok
rti,fastdds,7373,5,2000,40.046,49.454,59.062,83.959,116.38,169.501,ok
rti,rti,7373,1,2000,25.247,30.066,43.322,60.264,155.454,629.863,ok
rti,rti,7373,2,2000,24.526,35.938,51.608,77.035,154.944,192.795,ok
rti,rti,7373,3,2000,23.945,31.971,44.273,67.728,111.531,199.628,ok
rti,rti,7373,4,2000,24.186,32.171,49.364,62.749,123.824,221.068,ok
rti,rti,7373,5,2000,17.553,30.317,48.471,77.106,262.937,290.621,ok
rti,opendds,7373,1,0,,,,,,,timeout
rti,opendds,7373,2,0,,,,,,,timeout
rti,opendds,7373,3,0,,,,,,,timeout
rti,opendds,7373,4,0,,,,,,,timeout
rti,opendds,7373,5,0,,,,,,,timeout
opendds,zerodds,7373,1,2000,315.277,375.891,477.244,725.293,1271.98,1368.37,ok
opendds,zerodds,7373,2,2000,299.858,373.187,491.932,790.536,1431.51,1638.74,ok
opendds,zerodds,7373,3,2000,295.409,381.232,489.938,690.918,1531.5,2069.96,ok
opendds,zerodds,7373,4,2000,318.904,385.39,469.48,834.26,1571.16,3013.81,ok
opendds,zerodds,7373,5,2000,301.721,363.498,457.055,650.071,1158.19,1309.33,ok
opendds,cyclone,7373,1,2000,285.17,341.867,406.199,515.095,601.068,675.799,ok
opendds,cyclone,7373,2,2000,301.02,331.928,387.514,486.782,749.479,1283.65,ok
opendds,cyclone,7373,3,2000,298.004,330.656,394.127,478.126,539.862,731.023,ok
opendds,cyclone,7373,4,2000,286.262,319.414,374.639,483.456,1171.72,1265.72,ok
opendds,cyclone,7373,5,2000,285.06,336.848,400.328,494.487,1144.3,1512.7,ok
opendds,fastdds,7373,1,2000,158.55,252.037,307.332,397.372,1013.5,1056.85,ok
opendds,fastdds,7373,2,2000,161.996,240.576,317.03,405.227,822.497,1307.78,ok
opendds,fastdds,7373,3,2000,160.373,244.352,325.837,503.633,1086.4,1819.44,ok
opendds,fastdds,7373,4,2000,174.501,245.575,319.495,419.143,1028.41,2276.04,ok
opendds,fastdds,7373,5,2000,164.261,255.223,308.484,468.637,1040.41,1403.05,ok
opendds,rti,7373,1,0,,,,,,,timeout
opendds,rti,7373,2,0,,,,,,,timeout
opendds,rti,7373,3,0,,,,,,,timeout
opendds,rti,7373,4,0,,,,,,,timeout
opendds,rti,7373,5,0,,,,,,,timeout
opendds,opendds,7373,1,2000,336.407,444.902,562.916,893.382,1967.15,16033.4,ok
opendds,opendds,7373,2,2000,318.383,434.693,525.555,850.19,1449.33,16561.6,ok
opendds,opendds,7373,3,2000,320.106,440.634,555.221,873.754,1511.52,16136.6,ok
opendds,opendds,7373,4,2000,314.215,437.959,546.916,946.001,1445.65,1683.41,ok
opendds,opendds,7373,5,2000,336.697,440.735,570.089,981.629,1371.81,2493.24,ok
zerodds,zerodds,8192,1,2000,33.143,38.403,52.019,72.427,120.327,191.412,ok
zerodds,zerodds,8192,2,2000,29.566,40.677,60.986,83.909,155.655,266.885,ok
zerodds,zerodds,8192,3,2000,29.466,40.146,54.824,78.699,181.123,423.582,ok
zerodds,zerodds,8192,4,2000,29.236,37.1,50.035,70.994,131.459,576.332,ok
zerodds,zerodds,8192,5,2000,33.284,37.36,50.596,73.98,129.615,243.381,ok
zerodds,cyclone,8192,1,2000,59.092,75.873,96.833,146.427,270.603,721.667,ok
zerodds,cyclone,8192,2,2000,57.94,86.574,102.895,154.383,250.975,683.123,ok
zerodds,cyclone,8192,3,2000,57.028,82.106,103.325,153.992,292.934,914.231,ok
zerodds,cyclone,8192,4,2000,59.082,76.525,96.733,171.435,265.432,319.976,ok
zerodds,cyclone,8192,5,2000,60.544,80.222,97.364,150.104,447.698,2170.95,ok
zerodds,fastdds,8192,1,2000,65.043,87.335,118.224,159.111,217.111,265.833,ok
zerodds,fastdds,8192,2,2000,70.814,81.494,102.564,142.98,235.405,254.282,ok
zerodds,fastdds,8192,3,2000,63.07,88.948,123.694,168.929,279.699,917.928,ok
zerodds,fastdds,8192,4,2000,65.985,83.168,111.111,152.91,236.277,277.295,ok
zerodds,fastdds,8192,5,2000,63.26,83.709,105.84,152.77,267.967,361.123,ok
zerodds,rti,8192,1,2000,58.962,84.68,105.45,154.653,296.822,522.95,ok
zerodds,rti,8192,2,2000,64.953,81.304,102.094,122.262,229.124,343.06,ok
zerodds,rti,8192,3,2000,65.634,79.36,101.993,138.191,239.855,705.556,ok
zerodds,rti,8192,4,2000,61.035,79.26,102.474,146.518,268.318,463.517,ok
zerodds,rti,8192,5,2000,59.773,77.026,106.021,154.533,267.878,995.665,ok
zerodds,opendds,8192,1,2000,352.127,385.009,468.187,734.07,1298.94,1546.03,ok
zerodds,opendds,8192,2,2000,347.107,391.291,508.493,794.273,1334.48,1453.28,ok
zerodds,opendds,8192,3,2000,340.274,392.122,473.697,816.225,1552.51,2043.42,ok
zerodds,opendds,8192,4,2000,350.785,399.366,509.885,795.096,1506.96,1794.79,ok
zerodds,opendds,8192,5,2000,347.919,394.126,470.501,798.551,1788.32,2506.05,ok
cyclone,zerodds,8192,1,2000,57.459,66.857,75.183,90.862,147.8,183.818,ok
cyclone,zerodds,8192,2,2000,55.264,68.881,87.806,127.2,200.82,242.008,ok
cyclone,zerodds,8192,3,2000,52.62,67.749,84.73,122.442,184.53,313.704,ok
cyclone,zerodds,8192,4,2000,52.94,66.386,88.537,126.199,216.91,395.319,ok
cyclone,zerodds,8192,5,2000,52.319,68.76,87.105,122.292,191.332,268.207,ok
cyclone,cyclone,8192,1,2000,33.754,56.918,58.721,68.891,138.512,175.131,ok
cyclone,cyclone,8192,2,2000,33.143,40.477,53.652,73.9,100.961,154.122,ok
cyclone,cyclone,8192,3,2000,33.353,41.298,59.443,83.458,137.53,227.22,ok
cyclone,cyclone,8192,4,2000,28.624,38.403,54.032,76.926,98.888,181.904,ok
cyclone,cyclone,8192,5,2000,29.095,40.076,59.522,81.765,201.933,244.052,ok
cyclone,fastdds,8192,1,2000,36.249,51.788,70.934,99.358,165.162,311.52,ok
cyclone,fastdds,8192,2,2000,39.084,51.838,71.826,109.507,186.493,229.514,ok
cyclone,fastdds,8192,3,2000,36.049,53.672,74.671,102.805,218.383,1080.97,ok
cyclone,fastdds,8192,4,2000,40.346,57.239,78.82,113.635,296.902,491.39,ok
cyclone,fastdds,8192,5,2000,39.895,57.368,70.043,107.213,207.634,228.973,ok
cyclone,rti,8192,1,2000,77.537,217.882,263.909,353.75,432.919,789.384,ok
cyclone,rti,8192,2,2000,76.134,207.333,255.745,326.989,424.704,472.996,ok
cyclone,rti,8192,3,2000,111.992,218.965,287.715,362.907,794.163,2070.13,ok
cyclone,rti,8192,4,2000,67.198,218.413,271.454,347.538,433.11,532.418,ok
cyclone,rti,8192,5,2000,78.719,219.556,272.245,360.383,583.736,1498.6,ok
cyclone,opendds,8192,1,2000,224.726,471.353,555.592,691.459,830.333,916.506,ok
cyclone,opendds,8192,2,2000,225.997,476.281,565.3,710.365,1465.36,13306.3,ok
cyclone,opendds,8192,3,2000,210.999,468.928,546.635,687.722,1037.49,14435.1,ok
cyclone,opendds,8192,4,2000,219.356,460.752,554.851,754.007,998.561,1716.93,ok
cyclone,opendds,8192,5,2000,224.005,454.801,523.121,662.525,2234.99,14125.8,ok
fastdds,zerodds,8192,1,2000,62.599,73.93,85.121,117.462,251.446,345.144,ok
fastdds,zerodds,8192,2,2000,62.569,75.763,107.784,144.173,249.673,266.094,ok
fastdds,zerodds,8192,3,2000,63.961,76.465,101.101,162.588,312.261,665.821,ok
fastdds,zerodds,8192,4,2000,63.58,74.792,91.514,125.648,196.451,488.335,ok
fastdds,zerodds,8192,5,2000,63.661,82.786,103.576,142.48,257.217,326.908,ok
fastdds,cyclone,8192,1,2000,39.785,51.307,65.454,257.618,302.402,329.093,ok
fastdds,cyclone,8192,2,2000,39.645,53.07,71.215,94.509,192.564,233.212,ok
fastdds,cyclone,8192,3,2000,34.516,52.019,73.169,120.668,350.023,406.539,ok
fastdds,cyclone,8192,4,2000,35.868,49.684,61.316,92.245,131.549,169.922,ok
fastdds,cyclone,8192,5,2000,32.652,51.317,69.382,103.205,209.697,477.764,ok
fastdds,fastdds,8192,1,2000,36.85,47.26,71.025,102.715,254.021,941.963,ok
fastdds,fastdds,8192,2,2000,35.257,51.397,65.664,98.978,234.254,874.686,ok
fastdds,fastdds,8192,3,2000,36.279,51.478,68.449,92.546,268.038,308.835,ok
fastdds,fastdds,8192,4,2000,35.016,42.821,63.099,89.349,142.48,186.102,ok
fastdds,fastdds,8192,5,2000,33.453,48.472,74.09,99.509,147.78,195.32,ok
fastdds,rti,8192,1,2000,39.234,59.643,82.276,112.192,189.78,265.112,ok
fastdds,rti,8192,2,2000,40.396,46.649,68.439,96.252,155.554,187.395,ok
fastdds,rti,8192,3,2000,36.179,50.986,67.247,94.288,218.494,919.371,ok
fastdds,rti,8192,4,2000,38.012,45.265,67.508,93.147,189.229,370.121,ok
fastdds,rti,8192,5,2000,40.106,51.898,76.575,100.1,195.581,204.317,ok
fastdds,opendds,8192,1,2000,188.346,279.89,369.5,490.839,658.367,815.644,ok
fastdds,opendds,8192,2,2000,190.932,285.591,342.298,492.452,849.728,1509.84,ok
fastdds,opendds,8192,3,2000,197.574,279.148,350.334,488.455,753.456,8454.16,ok
fastdds,opendds,8192,4,2000,178.328,290.109,374.879,497.181,674.857,1904.06,ok
fastdds,opendds,8192,5,2000,197.985,295.67,347.167,474.718,664.889,808.862,ok
rti,zerodds,8192,1,2000,53.962,72.207,98.035,143.833,289.418,633.76,ok
rti,zerodds,8192,2,2000,52.871,72.617,96.603,137.611,235.516,253.3,ok
rti,zerodds,8192,3,2000,58.01,71.896,91.363,123.825,160.785,203.786,ok
rti,zerodds,8192,4,2000,55.725,75.483,100.28,141.879,197.304,287.194,ok
rti,zerodds,8192,5,2000,57.769,73.9,96.272,121.13,171.204,507.09,ok
rti,cyclone,8192,1,2000,35.968,61.446,84.83,145.255,353.84,439.883,ok
rti,cyclone,8192,2,2000,41.468,59.753,84.49,117.012,362.236,545.142,ok
rti,cyclone,8192,3,2000,36.85,59.833,81.635,105.951,193.937,216.881,ok
rti,cyclone,8192,4,2000,41.258,55.004,79.892,113.856,209.727,392.303,ok
rti,cyclone,8192,5,2000,41.418,68.019,91.383,191.643,390.71,601.459,ok
rti,fastdds,8192,1,2000,40.016,56.577,74.922,112.483,226.128,542.758,ok
rti,fastdds,8192,2,2000,45.196,52.629,66.005,97.835,163.129,193.436,ok
rti,fastdds,8192,3,2000,41.989,52.52,77.637,104.037,144.153,237.259,ok
rti,fastdds,8192,4,2000,38.933,48.582,69.05,99.167,151.177,209.597,ok
rti,fastdds,8192,5,2000,41.929,53.341,75.643,107.544,226.809,538.72,ok
rti,rti,8192,1,2000,20.959,30.658,48.211,64.151,83.799,111.151,ok
rti,rti,8192,2,2000,23.604,31.71,46.318,58.12,76.114,85.492,ok
rti,rti,8192,3,2000,20.279,27.312,45.726,64.882,96.292,116.351,ok
rti,rti,8192,4,2000,20.669,31.469,49.744,68.51,105.931,133.874,ok
rti,rti,8192,5,2000,20.329,27.983,38.814,56.447,80.483,117.542,ok
rti,opendds,8192,1,0,,,,,,,timeout
rti,opendds,8192,2,0,,,,,,,timeout
rti,opendds,8192,3,0,,,,,,,timeout
rti,opendds,8192,4,0,,,,,,,timeout
rti,opendds,8192,5,0,,,,,,,timeout
opendds,zerodds,8192,1,2000,325.316,409.886,559.009,766.782,1490.95,3438.05,ok
opendds,zerodds,8192,2,2000,327.159,405.238,510.407,732.487,1183.59,1280.74,ok
opendds,zerodds,8192,3,2000,330.025,414.124,532.048,804.814,1299.84,1410.24,ok
opendds,zerodds,8192,4,2000,345.374,401.019,507.06,751.042,1436.52,1458.54,ok
opendds,zerodds,8192,5,2000,328.522,415.106,535.705,815.875,1444.73,2231.34,ok
opendds,cyclone,8192,1,2000,281.584,334.814,406.68,508.162,1148.04,2319.06,ok
opendds,cyclone,8192,2,2000,290.671,335.284,387.884,493.094,613.281,1565.79,ok
opendds,cyclone,8192,3,2000,295.499,334.243,391.031,477.655,535.514,661.072,ok
opendds,cyclone,8192,4,2000,288.025,329.473,397.693,482.764,1294.49,1607.78,ok
opendds,cyclone,8192,5,2000,286.162,338.07,423.111,587.021,727.197,1294.96,ok
opendds,fastdds,8192,1,2000,163.229,246.977,311.079,484.627,735.704,1892.04,ok
opendds,fastdds,8192,2,2000,161.205,249.082,314.546,478.225,759.077,1013.72,ok
opendds,fastdds,8192,3,2000,179.931,246.547,304.727,375.692,530.304,592.462,ok
opendds,fastdds,8192,4,2000,166.535,246.577,323.743,438.871,1506.81,3315.44,ok
opendds,fastdds,8192,5,2000,160.294,245.004,323.723,482.474,1074.26,1647.33,ok
opendds,rti,8192,1,0,,,,,,,timeout
opendds,rti,8192,2,0,,,,,,,timeout
opendds,rti,8192,3,0,,,,,,,timeout
opendds,rti,8192,4,0,,,,,,,timeout
opendds,rti,8192,5,0,,,,,,,timeout
opendds,opendds,8192,1,2000,311.069,433.411,537.638,873.103,1236.71,16084.9,ok
opendds,opendds,8192,2,2000,321.88,420.416,519.694,842.706,1107.24,13709.5,ok
opendds,opendds,8192,3,2000,337.389,425.465,533.23,840.221,1048.27,1524.37,ok
opendds,opendds,8192,4,2000,313.644,445.534,554.79,931.954,1241.68,1323.67,ok
opendds,opendds,8192,5,2000,319.525,422.52,524.302,922.797,2338.62,16532.6,ok
