ping_vendor,pong_vendor,payload_bytes,n,min_us,p50_us,p90_us,p99_us,p999_us,max_us,status
zerodds,zerodds,0,0,,,,,,,timeout
zerodds,cyclone,0,2000,25.108,28.714,44.845,63.61,118.985,167.647,ok
zerodds,fastdds,0,2000,32.231,42.661,49.924,79.741,130.117,182.816,ok
zerodds,rti,0,2000,30.468,32.351,40.356,65.243,170.072,230.767,ok
zerodds,opendds,0,2000,167.948,188.537,231.839,321.83,587.973,711.959,ok
cyclone,zerodds,0,2000,23.484,28.024,41.699,58.992,110.559,666.893,ok
cyclone,cyclone,0,2000,23.234,28.574,44.394,68.039,92.234,104.588,ok
cyclone,fastdds,0,2000,29.977,43.953,59.923,90.261,347.017,962.744,ok
cyclone,rti,0,2000,30.468,44.605,58.39,91.363,143.031,269.34,ok
cyclone,opendds,0,2147,2606.95,9734,21984.1,190339,347679,364173,ok
fastdds,zerodds,0,2000,22.703,34.335,46.648,61.848,95.761,116.941,ok
fastdds,cyclone,0,2000,25.148,37.351,55.335,77.767,162.859,198.986,ok
fastdds,fastdds,0,2000,33.673,37.922,58.28,81.895,116.371,244.544,ok
fastdds,rti,0,2000,28.695,37.581,58.16,83.458,129.956,216.881,ok
fastdds,opendds,0,2000,179.15,276.413,341.798,469.269,706.918,825.463,ok
rti,zerodds,0,2000,27.222,30.258,46.258,64.653,79.42,235.756,ok
rti,cyclone,0,2000,31.309,33.033,41.209,69.802,118.625,144.363,ok
rti,fastdds,0,2000,35.788,38.964,60.514,80.893,123.514,145.716,ok
rti,rti,0,2000,20.84,24.487,43.222,61.066,106.391,175.211,ok
rti,opendds,0,0,,,,,,,timeout
opendds,zerodds,0,2000,140.135,184.7,228.273,601.92,1066.17,2492.75,ok
opendds,cyclone,0,2000,165.954,211.47,277.125,350.153,542.196,1158.2,ok
opendds,fastdds,0,2000,160.924,235.696,294.768,427.379,671.641,1883.91,ok
opendds,rti,0,0,,,,,,,timeout
opendds,opendds,0,2000,287.204,351.355,435.064,587.001,1639.22,2271.54,ok
zerodds,zerodds,819,2000,26.33,27.382,33.714,43.002,58.08,143.883,ok
zerodds,cyclone,819,2000,25.629,30.208,41.459,56.958,156.036,305.328,ok
zerodds,fastdds,819,2000,32.652,40.787,53.051,84.139,272.305,860.329,ok
zerodds,rti,819,2000,28.604,36.349,57.068,80.292,213.905,855.57,ok
zerodds,opendds,819,2000,163.59,190.581,224.596,369.76,685.779,1646.7,ok
cyclone,zerodds,819,2000,22.372,29.015,42.902,63.711,129.284,186.964,ok
cyclone,cyclone,819,2000,23.445,30.147,44.475,65.363,131.118,191.081,ok
cyclone,fastdds,819,2000,31.099,39.124,62.098,82.416,99.809,108.966,ok
cyclone,rti,819,2000,29.776,43.542,55.365,92.956,311.731,755.521,ok
cyclone,opendds,819,2000,211.33,288.356,341.977,420.697,505.297,585.96,ok
fastdds,zerodds,819,2000,24.677,35.918,51.668,76.756,158.531,242.64,ok
fastdds,cyclone,819,2000,31.349,38.353,55.344,88.979,131.359,164.752,ok
fastdds,fastdds,819,2000,34.495,40.176,51.006,74.31,132.801,186.924,ok
fastdds,rti,819,2000,31.269,41.579,56.968,83.147,220.197,469.419,ok
fastdds,opendds,819,2000,199.227,281.624,357.146,516.638,725.384,1472.17,ok
rti,zerodds,819,2000,28.323,31.509,43.963,64.191,95.31,203.094,ok
rti,cyclone,819,2000,27.071,33.684,51.667,73.459,88.758,187.064,ok
rti,fastdds,819,2000,34.025,39.224,65.153,88.938,155.705,1170.46,ok
rti,rti,819,2000,21.571,25.358,39.204,60.775,92.125,410.929,ok
rti,opendds,819,0,,,,,,,timeout
opendds,zerodds,819,2000,140.355,189.348,242.44,441.716,726.706,1813.36,ok
opendds,cyclone,819,2000,149.153,226.85,298.104,386.912,605.236,1905.15,ok
opendds,fastdds,819,2000,169.772,238.11,311.379,667.514,1092.43,1399.21,ok
opendds,rti,819,0,,,,,,,timeout
opendds,opendds,819,2000,279.66,353.73,468.217,649.75,1198.01,1776.4,ok
zerodds,zerodds,1638,2000,28.123,30.778,43.262,52.399,59.874,89.119,ok
zerodds,cyclone,1638,2000,29.255,39.735,55.916,74.711,98.928,118.384,ok
zerodds,fastdds,1638,2000,34.856,43.983,58.251,89.84,214.345,2162.29,ok
zerodds,rti,1638,2000,26.57,42.33,62.589,86.524,180.471,568.195,ok
zerodds,opendds,1638,2000,203.555,232.36,288.607,488.495,1551.84,2427.83,ok
cyclone,zerodds,1638,2000,26.07,30.317,50.956,62.227,79.029,115.899,ok
cyclone,cyclone,1638,2000,24.897,33.463,47.5,67.228,92.084,189.589,ok
cyclone,fastdds,1638,2000,32.261,40.256,61.216,78.929,190.881,365.462,ok
cyclone,rti,1638,2000,50.626,78.759,103.135,149.423,255.985,327.43,ok
cyclone,opendds,1638,2000,187.345,326.909,397.623,565.601,1157.29,2620.55,ok
fastdds,zerodds,1638,2000,29.075,36.649,50.285,69.672,90.581,342.348,ok
fastdds,cyclone,1638,2000,29.325,43.763,57.239,92.415,253.5,409.836,ok
fastdds,fastdds,1638,2000,37.311,39.595,60.875,74.912,104.518,121.72,ok
fastdds,rti,1638,2000,33.263,41.779,59.182,83.759,136.939,199.358,ok
fastdds,opendds,1638,2000,173.518,279.449,337.449,459.23,723.811,849.71,ok
rti,zerodds,1638,2000,26.761,35.517,44.915,72.246,100.731,174.39,ok
rti,cyclone,1638,2000,29.255,41.077,59.362,81.113,141.187,370.552,ok
rti,fastdds,1638,2000,31.97,41.188,61.587,90.883,142.41,184.69,ok
rti,rti,1638,2000,21.912,25.498,48.302,62.799,104.268,153.501,ok
rti,opendds,1638,0,,,,,,,timeout
opendds,zerodds,1638,2000,199.017,235.345,296.892,429.483,1235.69,1428.39,ok
opendds,cyclone,1638,2000,181.614,245.445,349.552,443.43,817.578,3421.83,ok
opendds,fastdds,1638,2000,172.677,236.308,301.301,370.662,504.565,628.3,ok
opendds,rti,1638,0,,,,,,,timeout
opendds,opendds,1638,2000,290.67,346.827,431.326,697.16,1086.01,1433.82,ok
zerodds,zerodds,2458,2000,28.263,31.45,44.744,58.641,66.045,69.512,ok
zerodds,cyclone,2458,2000,29.445,38.523,61.276,84.91,217.192,325.716,ok
zerodds,fastdds,2458,2000,34.155,48.572,65.915,88.758,163.239,215.829,ok
zerodds,rti,2458,2000,33.904,38.543,63.38,82.937,260.243,554.27,ok
zerodds,opendds,2458,2000,205.82,238.001,297.453,478.546,1219.9,1575.58,ok
cyclone,zerodds,2458,2000,29.536,34.014,43.172,58.561,144.944,374.97,ok
cyclone,cyclone,2458,2000,25.358,29.305,49.223,70.584,81.314,119.106,ok
cyclone,fastdds,2458,2000,34.756,47.66,69.973,96.082,159.762,237.61,ok
cyclone,rti,2458,2000,49.634,82.175,107.012,165.584,238.031,856.712,ok
cyclone,opendds,2458,2000,197.274,330.295,392.864,498.784,885.025,1205.3,ok
fastdds,zerodds,2458,2000,35.658,40.186,52.189,72.978,105.359,137.891,ok
fastdds,cyclone,2458,2000,31.54,42.911,57.599,81.584,183.538,262.748,ok
fastdds,fastdds,2458,2000,35.136,41.749,68.139,85.873,144.363,174.05,ok
fastdds,rti,2458,2000,34.856,43.242,61.266,88.738,158.711,171.525,ok
fastdds,opendds,2458,2000,197.775,280.2,341.276,467.796,963.293,1639.76,ok
rti,zerodds,2458,2000,26.931,34.776,51.868,70.163,86.123,187.946,ok
rti,cyclone,2458,2000,35.277,41.689,64.974,132.832,203.675,348.149,ok
rti,fastdds,2458,2000,32.181,45.236,68.149,93.767,116.13,204.758,ok
rti,rti,2458,2000,22.423,27.322,46.257,69.11,92.685,620.155,ok
rti,opendds,2458,0,,,,,,,timeout
opendds,zerodds,2458,2000,186.403,238.391,313.043,506.8,1497.73,1702.1,ok
opendds,cyclone,2458,2000,175.322,246.707,342.358,434.964,1030.22,2236.45,ok
opendds,fastdds,2458,2000,156.626,237.469,311.539,430.876,645.383,1980.41,ok
opendds,rti,2458,0,,,,,,,timeout
opendds,opendds,2458,2000,289.077,351.044,438.731,660.05,847.495,1094.51,ok
zerodds,zerodds,3277,2000,28.604,31.22,43.032,55.044,91.303,135.867,ok
zerodds,cyclone,3277,2000,37.691,45.175,63.6,85.192,170.633,228.553,ok
zerodds,fastdds,3277,2000,45.035,54.393,68.018,92.255,129.776,187.315,ok
zerodds,rti,3277,2000,35.928,47.83,70.614,90.782,117.843,221.529,ok
zerodds,opendds,3277,2000,236.257,270.001,328.883,478.216,1244.64,1523.78,ok
cyclone,zerodds,3277,2000,32.191,39.134,45.587,73.96,99.409,163.039,ok
cyclone,cyclone,3277,2000,25.428,28.634,47.781,67.197,99.939,364.57,ok
cyclone,fastdds,3277,2000,32.351,42.03,61.766,97.264,185.842,218.805,ok
cyclone,rti,3277,2000,49.574,111.431,144.864,201.171,305.248,332.52,ok
cyclone,opendds,3277,2000,204.848,362.336,445.995,541.976,710.986,986.608,ok
fastdds,zerodds,3277,2000,33.534,47.67,63.75,83.177,99.659,121.711,ok
fastdds,cyclone,3277,2000,31.46,42.05,58.941,79.941,162.528,374.99,ok
fastdds,fastdds,3277,2000,35.016,36.499,50.877,82.166,121.551,177.306,ok
fastdds,rti,3277,2000,32.973,40.928,68.099,99.439,280.491,578.606,ok
fastdds,opendds,3277,2000,194.478,280.11,361.024,466.654,700.687,718.841,ok
rti,zerodds,3277,2000,30.909,42.46,66.285,83.969,120.899,147.449,ok
rti,cyclone,3277,2000,33.634,44.755,65.705,97.084,223.242,811.225,ok
rti,fastdds,3277,2000,36.789,42.55,53.371,72.417,105.9,139.194,ok
rti,rti,3277,2000,22.423,27.121,45.606,65.775,86.324,127.18,ok
rti,opendds,3277,0,,,,,,,timeout
opendds,zerodds,3277,2000,217.321,273.859,340.795,584.778,1217.99,1676.63,ok
opendds,cyclone,3277,2000,203.685,274.66,345.354,456.795,804.643,1283.92,ok
opendds,fastdds,3277,2000,167.567,233.743,293.305,471.202,955.319,1388.16,ok
opendds,rti,3277,0,,,,,,,timeout
opendds,opendds,3277,2000,292.053,355.944,638.069,741.564,984.363,1684.82,ok
zerodds,zerodds,4096,2000,26.36,32.562,45.566,66.917,86.704,131.859,ok
zerodds,cyclone,4096,2000,42.932,47.981,56.226,76.826,159.543,227.24,ok
zerodds,fastdds,4096,2000,50.816,58.421,74.01,99.448,173.849,224.435,ok
zerodds,rti,4096,2000,45.166,55.004,78.319,107.183,219.175,245.926,ok
zerodds,opendds,4096,2000,262.638,296.251,346.266,512.821,1264.32,1530.16,ok
cyclone,zerodds,4096,2000,36.469,45.917,64.041,91.112,171.295,188.998,ok
cyclone,cyclone,4096,2000,28.263,36.509,48.462,69.852,159.222,174.35,ok
cyclone,fastdds,4096,2000,33.033,46.778,66.937,92.024,146.377,294.417,ok
cyclone,rti,4096,2000,62.097,115.94,166.756,221.379,410.627,1290.62,ok
cyclone,opendds,4096,2000,210.619,367.226,433.501,521.537,702.23,1176.34,ok
fastdds,zerodds,4096,2000,40.267,50.866,69.452,97.866,130.236,157.889,ok
fastdds,cyclone,4096,2000,28.284,41.118,61.727,91.513,114.206,237.549,ok
fastdds,fastdds,4096,2000,30.508,38.342,55.335,68.61,85.412,137.63,ok
fastdds,rti,4096,2000,34.035,47.51,66.466,94.97,232.57,310.558,ok
fastdds,opendds,4096,2000,194.058,281.633,357.406,468.778,663.506,1442.14,ok
rti,zerodds,4096,2000,36.98,47.871,69.191,108.486,191.993,225.186,ok
rti,cyclone,4096,2000,34.606,45.577,69.381,161.997,233.722,393.745,ok
rti,fastdds,4096,2000,38.473,44.144,59.172,89.119,173.439,499.085,ok
rti,rti,4096,2000,22.963,25.157,37.701,54.904,67.327,70.704,ok
rti,opendds,4096,0,,,,,,,timeout
opendds,zerodds,4096,2000,257.328,297.303,377.184,567.294,1391.06,1952.99,ok
opendds,cyclone,4096,2000,206.441,274.359,349.592,467.044,1034.37,1318.45,ok
opendds,fastdds,4096,2000,174.34,240.826,309.946,440.554,636.575,1532.69,ok
opendds,rti,4096,0,,,,,,,timeout
opendds,opendds,4096,2000,293.546,358.308,457.456,722.528,1180.55,1487.16,ok
zerodds,zerodds,4915,2000,26.88,29.416,48.893,67.508,77.657,93.156,ok
zerodds,cyclone,4915,2000,40.607,50.756,69.222,94.208,122.792,172.576,ok
zerodds,fastdds,4915,2000,50.756,61.567,84.64,116.33,155.114,260.043,ok
zerodds,rti,4915,2000,44.134,55.125,85.542,115.258,266.254,332.389,ok
zerodds,opendds,4915,2000,264.881,300.008,373.898,632.728,1466.19,1531.26,ok
cyclone,zerodds,4915,2000,35.998,44.234,59.522,89.81,110.139,172.486,ok
cyclone,cyclone,4915,2000,26.741,36.86,54.343,71.255,113.064,178.838,ok
cyclone,fastdds,4915,2000,33.594,49.063,68.55,88.197,108.395,148.831,ok
cyclone,rti,4915,2000,96.493,148.471,190.711,247.318,275.572,408.634,ok
cyclone,opendds,4915,2000,213.985,393.815,457.125,526.337,686.129,729.751,ok
fastdds,zerodds,4915,2000,40.006,50.456,68.59,91.012,111.14,149.574,ok
fastdds,cyclone,4915,2000,30.347,43.602,63.71,87.065,136.869,246.617,ok
fastdds,fastdds,4915,2000,36.75,44.144,64.652,94.418,128.463,963.624,ok
fastdds,rti,4915,2000,33.754,41.488,71.556,91.543,204.106,318.463,ok
fastdds,opendds,4915,2000,189.209,275.332,342.519,431.327,584.016,690.899,ok
rti,zerodds,4915,2000,40.006,47.24,64.251,77.236,110.81,180.342,ok
rti,cyclone,4915,2000,36.329,47.129,68.71,96.132,245.885,423.753,ok
rti,fastdds,4915,2000,40.086,45.787,51.407,69.141,119.326,517.921,ok
rti,rti,4915,2000,20.048,30.258,46.899,60.885,107.574,113.204,ok
rti,opendds,4915,0,,,,,,,timeout
opendds,zerodds,4915,2000,238.221,305.529,398.374,564.008,1284.16,1571.12,ok
opendds,cyclone,4915,2000,231.628,289.428,359.651,427.559,603.553,1296.23,ok
opendds,fastdds,4915,2000,178.538,231.738,326.448,421.939,999.663,2003.39,ok
opendds,rti,4915,0,,,,,,,timeout
opendds,opendds,4915,2000,300.77,362.046,441.637,694.966,967.332,2282.64,ok
zerodds,zerodds,5734,2000,27.212,31.37,42.761,64.072,84.46,129.114,ok
zerodds,cyclone,5734,2000,50.335,57.75,78.819,120.478,220.979,412.611,ok
zerodds,fastdds,5734,2000,57.248,65.894,93.016,158.901,579.638,1038.2,ok
zerodds,rti,5734,2000,49.675,64.402,87.756,128.753,277.656,925.532,ok
zerodds,opendds,5734,2000,283.477,320.006,394.326,636.665,1336.65,1414.11,ok
cyclone,zerodds,5734,2000,43.733,51.357,61.497,95.19,205.95,352.117,ok
cyclone,cyclone,5734,2000,26.6,33.543,44.564,66.135,110.94,185.371,ok
cyclone,fastdds,5734,2000,33.925,46.669,60.615,89.88,162.638,237.159,ok
cyclone,rti,5734,2000,69.722,150.735,202.924,257.648,459.49,686.21,ok
cyclone,opendds,5734,2000,202.073,395.218,503.934,686.781,914.722,18878.2,ok
fastdds,zerodds,5734,2000,42.791,61.487,83.207,110.62,166.786,271.665,ok
fastdds,cyclone,5734,2000,35.738,43.532,57.489,75.012,92.325,453.899,ok
fastdds,fastdds,5734,2000,33.834,44.304,60.614,94.158,196.211,821.155,ok
fastdds,rti,5734,2000,37.651,42.872,60.324,82.857,244.924,332.089,ok
fastdds,opendds,5734,2000,202.483,283.897,357.817,449.651,657.264,739.741,ok
rti,zerodds,5734,2000,42.109,55.545,69.071,92.796,113.104,782.502,ok
rti,cyclone,5734,2000,33.684,45.616,68.5,119.426,284.559,376.763,ok
rti,fastdds,5734,2000,39.976,45.776,68.951,92.926,142.219,167.648,ok
rti,rti,5734,2000,23.274,26.8,44.875,66.656,201.772,209.737,ok
rti,opendds,5734,0,,,,,,,timeout
opendds,zerodds,5734,2000,270.001,340.755,425.876,671.562,1278.7,1456.74,ok
opendds,cyclone,5734,2000,232.009,291.402,366.695,473.056,575.049,2270.3,ok
opendds,fastdds,5734,2000,162.548,242.52,302.914,451.585,734.651,1087.71,ok
opendds,rti,5734,0,,,,,,,timeout
opendds,opendds,5734,2000,306.531,376.884,465.341,762.174,1429.15,1978.56,ok
zerodds,zerodds,6554,2000,27.482,32.822,43.403,57.449,71.476,146.518,ok
zerodds,cyclone,6554,2000,48.231,58.151,79.05,117.643,233.593,265.472,ok
zerodds,fastdds,6554,2000,51.167,65.203,78.038,101.172,212.733,232.551,ok
zerodds,rti,6554,2000,51.187,63.3,85.732,113.205,226.859,239.103,ok
zerodds,opendds,6554,2000,286.923,325.406,395.879,670.389,1361.65,1555.28,ok
cyclone,zerodds,6554,2000,45.395,54.403,63.3,100.19,194.879,395.048,ok
cyclone,cyclone,6554,2000,27.141,34.385,48.472,63.32,135.446,192.915,ok
cyclone,fastdds,6554,2000,34.085,48.492,70.413,92.265,188.707,469.499,ok
cyclone,rti,6554,2000,65.644,181.123,225.036,284.278,473.506,816.796,ok
cyclone,opendds,6554,2000,222.041,426.598,477.213,588.254,974.906,14352,ok
fastdds,zerodds,6554,2000,50.786,61.597,72.107,93.827,152.038,212.603,ok
fastdds,cyclone,6554,2000,28.534,45.687,58.441,83.819,191.412,442.588,ok
fastdds,fastdds,6554,2000,38.282,44.054,47.76,66.205,166.987,268.167,ok
fastdds,rti,6554,2000,33.413,46.808,68.119,93.026,224.665,714.292,ok
fastdds,opendds,6554,2000,175.072,287.815,347.418,476.472,856.632,2073.24,ok
rti,zerodds,6554,2000,46.257,57.339,79.21,104.268,237.179,291.853,ok
rti,cyclone,6554,2000,37.711,51.648,74.25,92.195,135.085,170.562,ok
rti,fastdds,6554,2000,40.317,46.448,70.073,87.105,170.664,396.351,ok
rti,rti,6554,2000,20.078,28.233,38.272,58.751,135.717,207.193,ok
rti,opendds,6554,0,,,,,,,timeout
opendds,zerodds,6554,2000,274.74,333.422,426.928,660.01,1155.74,1776.09,ok
opendds,cyclone,6554,2000,259.351,310.458,383.336,467.816,665.11,1270.38,ok
opendds,fastdds,6554,2000,156.727,237.871,298.485,385.37,834.992,1003.76,ok
opendds,rti,6554,0,,,,,,,timeout
opendds,opendds,6554,2000,314.315,388.576,476.082,795.726,1221.58,17989.9,ok
zerodds,zerodds,7373,2000,28.314,32.732,39.625,59.743,126.038,261.785,ok
zerodds,cyclone,7373,2000,50.385,66.266,85.682,116.39,195.631,1172.69,ok
zerodds,fastdds,7373,2000,60.244,75.533,95.35,141.759,232.06,1349.87,ok
zerodds,rti,7373,2000,57.208,67.488,79.621,102.725,270.893,754.038,ok
zerodds,opendds,7373,2000,325.005,363.257,418.783,691.089,1262.45,1476.93,ok
cyclone,zerodds,7373,2000,46.398,57.65,80.613,128.744,195.821,245.886,ok
cyclone,cyclone,7373,2000,27.441,37.591,55.716,75.443,115.679,174.58,ok
cyclone,fastdds,7373,2000,33.263,42.932,65.524,83.739,113.715,137.44,ok
cyclone,rti,7373,2000,82.146,210.288,251.486,338.831,624.042,748.157,ok
cyclone,opendds,7373,2000,247.288,461.865,538.74,708.632,829.29,1053.12,ok
fastdds,zerodds,7373,2000,50.936,65.254,81.594,125.678,157.409,196.381,ok
fastdds,cyclone,7373,2000,28.183,45.697,61.436,111.201,332.158,1161.32,ok
fastdds,fastdds,7373,2000,37.46,42.24,61.717,75.954,100.179,188.227,ok
fastdds,rti,7373,2000,36.86,47.5,65.454,100.36,209.527,234.574,ok
fastdds,opendds,7373,2000,196.272,283.387,361.875,498.855,813.761,1344.63,ok
rti,zerodds,7373,2000,46.067,61.807,82.326,107.775,219.075,443.349,ok
rti,cyclone,7373,2000,39.074,52.339,75.322,102.794,185.712,473.005,ok
rti,fastdds,7373,2000,42,46.638,69.401,97.093,178.669,401.09,ok
rti,rti,7373,2000,25.247,30.066,43.322,60.264,155.454,629.863,ok
rti,opendds,7373,0,,,,,,,timeout
opendds,zerodds,7373,2000,301.721,363.498,457.055,650.071,1158.19,1309.33,ok
opendds,cyclone,7373,2000,286.262,319.414,374.639,483.456,1171.72,1265.72,ok
opendds,fastdds,7373,2000,161.996,240.576,317.03,405.227,822.497,1307.78,ok
opendds,rti,7373,0,,,,,,,timeout
opendds,opendds,7373,2000,318.383,434.693,525.555,850.19,1449.33,16561.6,ok
zerodds,zerodds,8192,2000,29.236,37.1,50.035,70.994,131.459,576.332,ok
zerodds,cyclone,8192,2000,59.092,75.873,96.833,146.427,270.603,721.667,ok
zerodds,fastdds,8192,2000,70.814,81.494,102.564,142.98,235.405,254.282,ok
zerodds,rti,8192,2000,59.773,77.026,106.021,154.533,267.878,995.665,ok
zerodds,opendds,8192,2000,352.127,385.009,468.187,734.07,1298.94,1546.03,ok
cyclone,zerodds,8192,2000,52.94,66.386,88.537,126.199,216.91,395.319,ok
cyclone,cyclone,8192,2000,28.624,38.403,54.032,76.926,98.888,181.904,ok
cyclone,fastdds,8192,2000,36.249,51.788,70.934,99.358,165.162,311.52,ok
cyclone,rti,8192,2000,76.134,207.333,255.745,326.989,424.704,472.996,ok
cyclone,opendds,8192,2000,224.005,454.801,523.121,662.525,2234.99,14125.8,ok
fastdds,zerodds,8192,2000,62.599,73.93,85.121,117.462,251.446,345.144,ok
fastdds,cyclone,8192,2000,35.868,49.684,61.316,92.245,131.549,169.922,ok
fastdds,fastdds,8192,2000,35.016,42.821,63.099,89.349,142.48,186.102,ok
fastdds,rti,8192,2000,38.012,45.265,67.508,93.147,189.229,370.121,ok
fastdds,opendds,8192,2000,197.574,279.148,350.334,488.455,753.456,8454.16,ok
rti,zerodds,8192,2000,58.01,71.896,91.363,123.825,160.785,203.786,ok
rti,cyclone,8192,2000,41.258,55.004,79.892,113.856,209.727,392.303,ok
rti,fastdds,8192,2000,38.933,48.582,69.05,99.167,151.177,209.597,ok
rti,rti,8192,2000,20.279,27.312,45.726,64.882,96.292,116.351,ok
rti,opendds,8192,0,,,,,,,timeout
opendds,zerodds,8192,2000,345.374,401.019,507.06,751.042,1436.52,1458.54,ok
opendds,cyclone,8192,2000,288.025,329.473,397.693,482.764,1294.49,1607.78,ok
opendds,fastdds,8192,2000,160.294,245.004,323.723,482.474,1074.26,1647.33,ok
opendds,rti,8192,0,,,,,,,timeout
opendds,opendds,8192,2000,321.88,420.416,519.694,842.706,1107.24,13709.5,ok
